player_name,club,position,minutes_played,match_played,goals,assists,distance_covered,corner_taken,offsides,dribbles,total_attempts,on_target,off_target,blocked,right_foot,left_foot,headers,others,inside_area,outside_areas,penalties,pass_accuracy,pass_attempted,pass_completed,cross_accuracy,cross_attempted,cross_completed,freekicks_taken,fouls_committed,fouls_suffered,yellow,red,balls_recoverd,tackles,tackles_won,tackles_lost,clearance_attempted,saved,conceded,saved_penalties,cleansheets,punches_made
Courtois,Real Madrid,Goalkeeper,1230,13,0,0,64.2,0,0,0,0,0,0,0,0,0,0,0,0,0,0,76.7,483,365,0,0,0,27,0,0,0,0,0,0,0,0,0,61,14,1,5,4
Vinícius Júnior,Real Madrid,Forward,1199,13,4,6,133.0,3,4,83,27,8,10,9,3,1,0,0,4,0,0,83.1,451,377,31,19,6,0,13,24,0,1,29,11,3,8,0,0,0,0,0,0
Benzema,Real Madrid,Forward,1106,12,15,1,121.5,2,9,18,45,23,13,9,11,1,3,0,13,2,3,83.1,523,433,20,10,2,4,2,4,0,1,6,1,1,0,10,0,0,0,0,0
Modrić,Real Madrid,Midfielder,1077,13,0,4,124.5,10,0,8,14,5,3,6,0,0,0,0,0,0,0,89.8,799,723,25,12,3,26,3,8,0,1,39,9,3,6,4,0,0,0,0,0
Éder Militão,Real Madrid,Defender,1076,12,0,0,110.4,0,0,0,9,4,5,0,0,0,0,0,0,0,0,87.5,643,563,0,2,0,17,17,16,0,4,76,19,6,13,32,0,0,0,0,0
Alaba,Real Madrid,Defender,1040,12,1,0,112.3,0,0,0,5,1,1,3,0,1,0,0,0,1,0,92.3,657,606,11,17,2,21,9,1,0,1,49,18,12,6,28,0,0,0,0,0
Carvajal,Real Madrid,Defender,959,11,0,1,112.8,0,1,9,5,2,3,0,0,0,0,0,0,0,0,87.3,576,503,34,23,8,11,15,6,0,3,50,12,6,6,30,0,0,0,0,0
Casemiro,Real Madrid,Midfielder,914,11,0,0,107.6,0,0,0,10,2,6,2,0,0,0,0,0,0,0,89.1,538,482,25,4,1,6,17,18,0,3,76,31,13,18,19,0,0,0,0,0
Kroos,Real Madrid,Midfielder,902,12,2,0,116.5,0,0,0,12,7,1,4,1,1,0,0,0,2,0,91.9,814,752,20,34,7,44,7,18,0,0,37,11,5,6,4,0,0,0,0,0
Mendy,Real Madrid,Defender,867,10,0,2,96.3,0,0,8,2,0,2,0,0,0,0,0,0,0,0,91.1,413,376,25,12,3,4,7,7,0,3,36,6,5,1,15,0,0,0,0,0
Valverde,Real Madrid,Midfielder,804,11,0,1,96.7,0,3,10,9,0,4,5,0,0,0,0,0,0,0,85.4,395,336,20,15,3,1,4,5,0,2,29,13,7,6,10,0,0,0,0,0
Nacho,Real Madrid,Defender,574,9,0,0,61.9,0,0,0,1,0,1,0,0,0,0,0,0,0,0,91.0,304,283,16,6,1,5,7,7,0,2,27,10,4,6,14,0,0,0,0,0
Rodrygo,Real Madrid,Forward,505,11,5,2,65.7,1,1,20,23,10,7,6,2,2,1,0,5,0,0,77.6,209,183,38,13,5,3,5,11,0,1,14,2,1,1,3,0,0,0,0,0
Lucas Vázquez,Real Madrid,Midfielder,349,8,0,1,47.4,0,0,6,0,0,0,0,0,0,0,0,0,0,0,83.6,239,207,25,12,3,2,4,8,0,1,13,2,0,2,6,0,0,0,0,0
Camavinga,Real Madrid,Midfielder,296,10,0,1,40.2,0,1,2,2,0,2,0,0,0,0,0,0,0,0,87.7,179,158,0,1,0,7,5,10,0,1,19,17,9,8,6,0,0,0,0,0
Asensio,Real Madrid,Forward,207,8,1,2,28.4,5,0,1,5,3,0,2,0,1,0,0,0,1,0,72.6,89,75,25,4,1,1,2,0,0,0,3,1,0,1,1,0,0,0,0,0
Jović,Real Madrid,Forward,113,3,0,0,12.9,0,0,0,4,1,2,1,0,0,0,0,0,0,0,90.3,40,36,0,0,0,0,1,3,0,1,1,0,0,0,0,0,0,0,0,0
Marcelo,Real Madrid,Defender,93,3,0,0,10.7,0,0,0,2,0,1,1,0,0,0,0,0,0,0,85.0,63,55,33,3,1,1,1,0,0,0,4,0,0,0,3,0,0,0,0,0
E. Hazard,Real Madrid,Forward,84,3,0,0,10.8,0,0,0,3,3,0,0,0,0,0,0,0,0,0,0.0,0,0,0,0,0,0,1,3,0,0,1,0,0,0,0,0,0,0,0,0
Miguel Gutiérrez,Real Madrid,Defender,66,1,0,0,7.7,0,0,0,1,0,1,0,0,0,0,0,0,0,0,0.0,0,0,0,0,0,0,0,0,0,0,1,1,0,1,0,0,0,0,0,0
Ceballos,Real Madrid,Midfielder,37,5,0,0,7.8,0,0,0,0,0,0,0,0,0,0,0,0,0,0,0.0,0,0,0,0,0,0,0,0,0,0,2,2,1,1,1,0,0,0,0,0
Mariano Díaz,Real Madrid,Forward,12,1,0,0,1.6,0,0,0,0,0,0,0,0,0,0,0,0,0,0,0.0,0,0,0,0,0,0,0,0,0,0,0,0,0,0,0,0,0,0,0,0
Vallejo,Real Madrid,Defender,8,2,0,0,1.5,0,0,0,0,0,0,0,0,0,0,0,0,0,0,0.0,0,0,0,0,0,0,0,0,0,0,2,0,0,0,2,0,0,0,0,0
Bale,Real Madrid,Forward,7,2,0,0,2.2,0,0,0,0,0,0,0,0,0,0,0,0,0,0,0.0,0,0,0,0,0,0,0,0,0,0,0,0,0,0,0,0,0,0,0,0
Blanco,Real Madrid,Midfielder,6,1,0,0,1.3,0,0,0,0,0,0,0,0,0,0,0,0,0,0,0.0,0,0,0,0,0,0,0,0,0,0,0,0,0,0,0,0,0,0,0,0
Alisson Becker,Liverpool,Goalkeeper,1170,13,0,0,68.8,0,0,0,0,0,0,0,0,0,0,0,0,0,0,89.7,461,415,0,0,0,16,0,0,0,0,0,0,0,0,0,15,14,0,4,3
Salah,Liverpool,Forward,1008,13,8,2,112.0,0,5,49,42,22,11,9,0,8,0,0,7,1,1,81.2,426,346,9,11,1,1,4,12,0,0,12,0,0,0,0,0,0,0,0,0
Fabinho,Liverpool,Midfielder,849,13,1,0,105.5,0,0,0,5,1,2,2,1,0,0,0,1,0,0,90.3,595,549,0,2,0,9,14,11,0,1,74,23,9,14,8,0,0,0,0,0
Robertson,Liverpool,Defender,826,10,0,2,97.7,27,1,9,5,2,2,1,0,0,0,0,0,0,0,81.1,628,512,25,63,16,22,5,3,0,1,44,4,3,1,14,0,0,0,0,0
Mané,Liverpool,Midfielder,822,13,5,1,100.3,0,9,17,21,8,6,7,2,3,0,0,5,0,0,79.0,278,219,30,10,3,1,16,19,0,2,9,4,1,3,1,0,0,0,0,0
Van Dijk,Liverpool,Defender,810,9,0,1,82.8,0,2,0,6,3,1,2,0,0,0,0,0,0,0,90.7,667,609,0,1,0,10,4,2,0,1,62,3,2,1,29,0,0,0,0,0
Alexander0Arnold,Liverpool,Defender,794,9,0,4,86.8,36,0,9,12,1,6,5,0,0,0,0,0,0,0,80.0,685,556,29,81,24,28,5,6,0,2,51,1,0,1,18,0,0,0,0,0
Konaté,Liverpool,Defender,720,8,2,0,78.5,0,0,0,6,2,3,1,0,0,2,0,2,0,0,89.5,515,465,0,0,0,16,11,3,0,1,53,16,11,5,17,0,0,0,0,0
Henderson,Liverpool,Midfielder,666,12,1,2,85.7,0,0,2,12,4,4,4,1,0,0,0,0,1,0,86.2,602,530,35,17,6,6,10,4,0,0,29,3,1,2,1,0,0,0,0,0
Matip,Liverpool,Defender,630,7,0,0,66.2,0,0,0,5,2,2,1,0,0,0,0,0,0,0,94.2,498,467,0,0,0,14,6,1,0,1,34,5,1,4,15,0,0,0,0,0
Thiago Alcántara,Liverpool,Midfielder,604,10,1,0,77.9,0,0,0,9,3,6,0,1,0,0,0,0,1,0,91.8,553,508,50,2,1,12,5,7,0,1,40,16,11,5,5,0,0,0,0,0
Diogo Jota,Liverpool,Forward,578,11,1,1,73.9,0,4,19,16,7,4,5,0,0,1,0,1,0,0,80.5,234,189,0,1,0,0,11,6,0,2,13,7,2,5,1,0,0,0,0,0
Keïta,Liverpool,Midfielder,487,10,1,2,61.5,0,0,6,14,2,8,4,1,0,0,0,0,1,0,87.9,354,313,0,4,0,5,15,7,0,0,21,8,2,6,7,0,0,0,0,0
Luis Díaz,Liverpool,Forward,385,7,2,1,49.9,0,2,42,0,0,0,0,2,1,1,0,4,0,0,83.8,341,282,18,11,2,0,0,0,0,0,16,8,3,5,2,0,0,0,0,0
Tsimikas,Liverpool,Defender,344,5,0,2,42.7,16,0,4,0,0,0,0,0,0,0,0,0,0,0,78.6,201,165,22,40,9,8,4,8,0,0,26,2,1,1,10,0,0,0,0,0
Firmino,Liverpool,Midfielder,323,7,5,0,43.0,0,0,0,13,5,2,6,3,1,1,0,4,1,0,85.7,176,150,0,0,0,0,4,2,0,0,17,2,1,1,1,0,0,0,0,0
Oxlade0Chamberlain,Liverpool,Midfielder,300,6,0,1,38.6,9,0,6,10,3,4,3,0,0,0,0,0,0,0,85.3,165,141,20,10,2,5,2,2,0,0,17,1,1,0,4,0,0,0,0,0
Gomez,Liverpool,Defender,245,7,0,0,30.4,0,0,0,1,1,0,0,0,0,0,0,0,0,0,75.4,200,173,0,1,0,2,1,0,0,0,14,0,0,0,5,0,0,0,0,0
Minamino,Liverpool,Forward,215,4,0,0,29.7,0,0,0,2,0,2,0,0,0,0,0,0,0,0,93.0,76,69,0,1,0,1,3,3,0,0,6,2,0,2,0,0,0,0,0,0
Milner,Liverpool,Midfielder,211,8,0,1,32.0,4,0,1,2,1,0,1,0,0,0,0,0,0,0,57.5,157,116,22,9,2,7,12,4,0,3,5,6,3,3,6,0,0,0,0,0
Origi,Liverpool,Forward,187,7,1,1,23.8,0,0,3,12,2,8,2,0,0,1,0,1,0,0,74.7,47,35,0,3,0,0,4,6,0,0,5,1,0,1,0,0,0,0,0,0
Jones,Liverpool,Midfielder,185,4,0,2,27.1,0,1,0,7,4,1,2,0,0,0,0,0,0,0,86.3,132,118,0,1,0,3,3,5,0,0,6,0,0,0,1,0,0,0,0,0
N. Williams,Liverpool,Defender,180,3,0,0,23.5,0,0,0,3,1,1,1,0,0,0,0,0,0,0,73.0,100,76,42,7,3,1,4,4,0,0,10,6,2,4,1,0,0,0,0,0
Morton,Liverpool,Midfielder,180,2,0,0,23.5,0,0,0,0,0,0,0,0,0,0,0,0,0,0,88.0,76,67,0,0,0,2,1,1,0,0,9,5,4,1,2,0,0,0,0,0
Phillips,Liverpool,Defender,91,2,0,0,11.2,0,0,0,0,0,0,0,0,0,0,0,0,0,0,44.5,37,33,0,0,0,1,2,0,0,0,5,1,1,0,3,0,0,0,0,0
Elliott,Liverpool,Midfielder,59,1,0,0,7.9,0,0,0,0,0,0,0,0,0,0,0,0,0,0,0.0,0,0,0,0,0,0,0,0,0,0,0,0,0,0,0,0,0,0,0,0
Woltman,Liverpool,Midfielder,1,1,0,0,0.4,0,0,0,0,0,0,0,0,0,0,0,0,0,0,0.0,0,0,0,0,0,0,0,0,0,0,0,0,0,0,0,0,0,0,0,0
Bradley,Liverpool,Midfielder,1,1,0,0,0.4,0,0,0,0,0,0,0,0,0,0,0,0,0,0,0.0,0,0,0,0,0,0,0,0,0,0,0,0,0,0,0,0,0,0,0,0
Pau Torres,Villarreal,Defender,1080,12,1,0,124.2,0,0,0,4,1,3,0,1,0,0,0,1,0,0,88.0,506,457,0,0,0,16,3,2,0,1,49,7,3,4,62,0,0,0,0,0
Rulli,Villarreal,Goalkeeper,1080,12,0,0,61.2,0,0,0,0,0,0,0,0,0,0,0,0,0,0,68.2,489,332,0,0,0,53,0,0,0,0,0,0,0,0,0,41,16,0,3,12
Parejo,Villarreal,Midfielder,1055,12,1,3,130.9,36,0,4,5,1,4,0,0,1,0,0,1,0,0,84.3,657,560,56,37,21,52,4,17,0,2,48,17,8,9,5,0,0,0,0,0
Capoue,Villarreal,Midfielder,1046,12,2,4,130.9,0,0,17,9,3,4,2,1,1,0,0,2,0,0,87.2,491,438,50,2,1,4,19,17,1,3,62,11,1,10,29,0,0,0,0,0
Albiol,Villarreal,Defender,1045,12,0,0,115.7,0,0,0,2,0,1,1,0,0,0,0,0,0,0,85.9,440,385,0,1,0,14,9,6,0,1,73,9,6,3,62,0,0,0,0,0
Ederson,Man. City,Goalkeeper,1003,11,0,0,51.6,0,0,0,0,0,0,0,0,0,0,0,0,0,0,89.9,318,277,0,0,0,21,0,0,0,0,0,0,0,0,0,14,14,0,4,1
Mahrez,Man. City,Midfielder,986,12,7,2,120.1,30,5,28,37,18,8,11,1,4,2,0,7,0,2,84.9,482,414,24,49,12,11,6,20,0,1,20,6,1,5,3,0,0,0,0,0
Danjuma,Villarreal,Midfielder,906,11,6,2,107.8,3,8,31,25,14,5,6,3,3,0,0,6,0,1,78.6,165,128,38,13,5,0,6,7,0,0,3,1,0,1,5,0,0,0,0,0
Vertonghen,Benfica,Defender,900,10,0,1,97.9,0,0,3,7,2,3,2,0,0,0,0,0,0,0,83.3,424,360,0,1,0,9,5,4,0,0,51,9,6,3,51,0,0,0,0,0
Vlachodimos,Benfica,Goalkeeper,900,10,0,0,55.4,0,0,0,0,0,0,0,0,0,0,0,0,0,0,73.8,345,247,0,0,0,52,0,0,0,0,0,0,0,0,0,38,17,1,5,5
Oblak,Atlético,Goalkeeper,900,10,0,0,52.7,0,0,0,0,0,0,0,0,0,0,0,0,0,0,55.7,283,158,0,0,0,31,0,0,0,0,0,0,0,0,0,26,10,0,3,2
Foyth,Villarreal,Defender,891,10,0,0,98.7,0,0,0,4,0,2,2,0,0,0,0,0,0,0,82.1,347,290,0,1,0,8,9,7,0,1,55,20,10,10,30,0,0,0,0,0
Bernardo Silva,Man. City,Midfielder,878,11,3,3,120.3,2,3,18,7,4,2,1,0,3,0,0,3,0,0,91.6,462,427,23,17,4,5,10,6,0,0,25,9,4,5,5,0,0,0,0,0
Lewandowski,Bayern,Forward,876,10,13,3,99.7,0,7,1,31,19,8,4,8,3,1,1,13,0,3,79.1,206,163,10,10,1,1,11,13,0,1,7,4,0,4,0,0,0,0,0,0
Grimaldo,Benfica,Defender,863,10,0,3,107.7,11,1,10,3,1,1,1,0,0,0,0,0,0,0,81.1,319,257,41,34,14,21,5,9,0,2,34,15,6,9,24,0,0,0,0,0
Rodri,Man. City,Midfielder,842,10,0,0,114.6,0,0,0,6,0,1,5,0,0,0,0,0,0,0,94.2,806,760,0,1,0,13,19,4,0,2,52,14,10,4,5,0,0,0,0,0
João Cancelo,Man. City,Defender,840,9,2,3,100.3,0,2,26,11,4,3,4,2,0,0,0,1,1,0,88.0,668,586,20,29,6,11,11,4,0,3,56,9,6,3,13,0,0,0,0,0
Rüdiger,Chelsea,Defender,840,9,1,0,88.4,0,0,0,11,1,8,2,0,0,1,0,1,0,0,90.3,750,681,0,4,0,12,11,3,0,2,46,9,5,4,16,0,0,0,0,0
Mendy,Chelsea,Goalkeeper,840,9,0,0,57.4,0,0,0,0,0,0,0,0,0,0,0,0,0,0,85.0,208,173,0,0,0,7,0,0,0,0,0,0,0,0,0,9,7,0,5,2
Reinildo,LOSC,Defender,816,10,0,0,88.8,0,0,0,0,0,0,0,0,0,0,0,0,0,0,81.1,364,302,30,10,3,11,0,0,0,0,0,0,0,0,0,0,0,0,0,0
Neuer,Bayern,Goalkeeper,810,9,0,1,51.2,0,0,1,0,0,0,0,0,0,0,0,0,0,0,90.9,352,318,0,0,0,8,0,0,0,0,0,0,0,0,0,14,6,0,4,1
Weigl,Benfica,Midfielder,810,9,0,0,112,0,0,0,2,1,0,1,0,0,0,0,0,0,0,89.1,351,316,0,3,0,8,10,5,0,2,35,23,12,11,12,0,0,0,0,0
Otamendi,Benfica,Defender,810,9,0,0,91.2,0,0,0,4,1,3,0,0,0,0,0,0,0,0,84.3,380,328,0,1,0,14,17,11,0,2,63,28,17,11,48,0,0,0,0,0
Sané,Bayern,Midfielder,798,10,6,6,94,3,3,32,33,13,12,8,1,5,0,0,3,3,0,86.8,398,346,26,19,5,8,2,5,0,0,23,1,0,1,0,0,0,0,0,0
Laporte,Man. City,Defender,794,9,0,0,90.9,0,0,0,5,1,4,0,0,0,0,0,0,0,0,94.7,707,672,0,0,0,10,4,2,0,2,51,5,1,4,17,0,0,0,0,0
Müller,Bayern,Forward,778,10,4,3,98.5,10,8,2,14,8,3,3,1,2,1,0,3,1,0,78.9,366,283,28,25,7,1,11,3,0,0,18,8,3,5,2,0,0,0,0,0
Pavard,Bayern,Defender,764,10,0,1,96.7,0,2,0,10,2,7,1,0,0,0,0,0,0,0,90.2,676,613,33,12,4,10,9,4,0,0,55,12,7,5,17,0,0,0,0,0
Thiago Silva,Chelsea,Defender,757,9,0,1,71.7,0,0,0,7,1,2,4,0,0,0,0,0,0,0,93.1,607,571,100,2,2,17,6,5,0,1,65,9,4,5,17,0,0,0,0,0
De Bruyne,Man. City,Midfielder,734,10,2,4,95.5,18,0,14,24,7,9,8,1,0,1,0,2,0,0,82.6,397,334,26,41,11,18,9,9,0,2,11,6,0,6,2,0,0,0,0,0
Škriniar,Inter,Defender,720,8,1,0,85.1,0,0,0,10,3,6,1,1,0,0,0,1,0,0,91.4,451,416,50,4,2,11,5,7,0,1,38,11,6,5,26,0,0,0,0,0
Kristensen,Salzburg,Defender,720,8,0,1,85.5,0,2,12,10,2,5,3,0,0,0,0,0,0,0,65.8,282,191,0,12,0,1,14,4,0,1,36,18,8,10,27,0,0,0,0,0
Martínez,Ajax,Defender,720,8,0,1,83.3,0,0,3,6,2,4,0,0,0,0,0,0,0,0,94.1,674,633,0,0,0,12,7,7,0,1,53,10,2,8,19,0,0,0,0,0
Marquinhos,Paris,Defender,720,8,0,1,78.5,0,0,0,0,0,0,0,0,0,0,0,0,0,0,92.5,509,475,0,0,0,16,3,3,0,0,42,2,2,0,36,0,0,0,0,0
Fonte,LOSC,Defender,720,8,0,0,81.3,0,0,0,3,0,2,1,0,0,0,0,0,0,0,88.5,369,328,0,0,0,14,6,5,0,3,47,13,9,4,29,0,0,0,0,0
Köhn,Salzburg,Goalkeeper,720,8,0,0,43.8,0,0,0,0,0,0,0,0,0,0,0,0,0,0,73.4,220,156,0,0,0,25,0,0,0,0,0,0,0,0,0,16,14,0,1,3
Handanovič,Inter,Goalkeeper,720,8,0,0,32,0,0,0,0,0,0,0,0,0,0,0,0,0,0,91.6,253,230,0,0,0,7,0,0,0,0,0,0,0,0,0,12,7,0,3,5
Hakimi,Paris,Defender,718,8,0,0,85.3,0,0,0,1,0,1,0,0,0,0,0,0,0,0,90.4,417,378,10,10,1,5,3,7,0,2,36,7,1,6,11,0,0,0,0,0
Ulmer,Salzburg,Defender,716,8,0,0,84.2,0,0,0,5,2,1,2,0,0,0,0,0,0,0,66.9,277,187,0,16,0,5,13,2,0,2,41,6,2,4,20,0,0,0,0,0
Gilberto,Benfica,Defender,715,9,1,0,85.7,0,0,0,3,1,0,2,1,0,0,0,1,0,0,79.8,291,232,30,13,4,9,16,13,0,1,48,17,8,9,17,0,0,0,0,0
Aaronson,Salzburg,Midfielder,715,8,0,2,103.5,4,5,9,9,3,2,4,0,0,0,0,0,0,0,76.1,239,181,27,18,5,4,3,13,0,0,17,4,0,4,3,0,0,0,0,0
Rafa Silva,Benfica,Forward,704,9,1,1,85.7,0,3,27,9,1,4,4,1,0,0,0,1,0,0,76.1,187,145,37,8,3,2,8,14,0,2,21,12,6,6,1,0,0,0,0,0
Gravenberch,Ajax,Midfielder,703,8,0,1,89.1,15,1,18,9,5,2,2,0,0,0,0,0,0,0,87.4,386,342,0,9,0,9,17,11,0,1,30,4,3,1,10,0,0,0,0,0
Kimmich,Bayern,Midfielder,702,8,0,0,96.4,0,0,0,8,2,2,4,0,0,0,0,0,0,0,89.5,688,616,35,48,17,31,3,17,0,1,41,15,6,9,3,0,0,0,0,0
Marcos Llorente,Atlético,Midfielder,700,9,0,0,83.6,0,0,0,2,1,1,0,0,0,0,0,0,0,0,80.7,249,212,10,10,1,1,13,10,0,3,37,6,0,6,8,0,0,0,0,0
Azpilicueta,Chelsea,Defender,679,9,1,1,82,0,0,3,3,3,0,0,1,0,0,0,1,0,0,88.0,491,434,15,19,3,3,9,3,0,1,26,6,3,3,9,0,0,0,0,0
David,LOSC,Forward,679,8,3,0,86.1,0,0,0,12,5,5,2,1,2,0,0,3,0,1,82.4,148,122,100,3,3,1,4,12,0,0,11,1,1,0,1,0,0,0,0,0
Mbappé,Paris,Forward,673,8,6,4,65.2,4,8,43,27,16,6,5,6,0,0,0,6,0,0,85.4,257,220,13,15,2,0,3,11,0,1,10,1,0,1,2,0,0,0,0,0
Havertz,Chelsea,Midfielder,672,9,3,0,86.3,0,0,0,26,11,9,6,0,1,2,0,3,0,0,86.1,248,210,66,3,2,0,12,9,0,1,7,3,0,3,6,0,0,0,0,0
Camara,Salzburg,Midfielder,672,8,0,0,80.9,0,0,0,3,0,3,0,0,0,0,0,0,0,0,86.5,369,325,0,1,0,18,14,23,0,2,41,14,7,7,4,0,0,0,0,0
Haller,Ajax,Forward,668,8,11,1,82.2,0,3,9,24,15,8,1,3,4,3,1,11,0,1,80.8,162,134,0,0,0,0,17,11,0,1,10,8,2,6,5,0,0,0,0,0
Bastoni,Inter,Defender,666,8,0,0,76.6,0,0,0,1,0,1,0,0,0,0,0,0,0,0,89.0,432,387,18,11,2,18,11,8,0,2,46,7,2,5,18,0,0,0,0,0
Koke,Atlético,Midfielder,665,9,0,1,91.2,4,0,2,3,0,2,1,0,0,0,0,0,0,0,81.1,308,252,0,3,0,6,7,11,0,1,30,11,8,3,7,0,0,0,0,0
Rúben Dias,Man. City,Defender,664,8,0,0,83.1,0,0,0,4,1,0,3,0,0,0,0,0,0,0,92.6,464,431,0,0,0,8,6,1,0,0,45,11,1,10,16,0,0,0,0,0
Mazraoui,Ajax,Defender,661,8,0,2,81.5,0,0,13,9,3,3,3,0,0,0,0,0,0,0,86.9,385,338,36,19,7,7,9,8,0,1,40,16,10,6,9,0,0,0,0,0
Gündoğan,Man. City,Midfielder,660,10,0,2,86.4,16,1,3,14,2,4,8,0,0,0,0,0,0,0,90.8,406,367,33,15,5,7,4,7,0,1,13,6,0,6,2,0,0,0,0,0
Upamecano,Bayern,Defender,660,8,0,0,82.3,0,0,0,2,0,1,1,0,0,0,0,0,0,0,93.1,562,519,0,2,0,11,10,5,0,3,46,4,1,3,16,0,0,0,0,0
Foden,Man. City,Midfielder,658,11,3,2,89.1,13,6,12,22,9,7,6,2,0,1,0,3,0,0,81.1,287,238,26,23,6,3,5,10,0,1,10,5,1,4,0,0,0,0,0,0
Seiwald,Salzburg,Midfielder,649,8,0,1,85.3,18,1,5,4,3,0,1,0,0,0,0,0,0,0,69.0,258,190,20,25,5,9,19,3,0,2,44,18,6,12,9,0,0,0,0,0
Estupiñán,Villarreal,Defender,645,10,0,0,76.4,0,0,0,1,0,0,1,0,0,0,0,0,0,0,83.2,282,229,28,14,4,3,7,3,0,2,52,8,4,4,31,0,0,0,0,0
Stones,Man. City,Defender,637,8,0,0,73.2,0,0,0,6,1,4,1,0,0,0,0,0,0,0,94.4,545,523,0,1,0,8,3,3,0,1,33,1,1,0,8,0,0,0,0,0
Brozović,Inter,Midfielder,635,8,1,0,89.3,0,0,0,11,1,4,6,1,0,0,0,1,0,0,90.6,559,506,75,8,6,26,5,6,0,0,38,15,6,9,6,0,0,0,0,0
Coman,Bayern,Forward,632,9,2,3,76.3,4,4,59,20,6,10,4,1,1,0,0,2,0,0,84.2,329,271,30,42,13,0,6,16,0,1,14,2,0,2,4,0,0,0,0,0
Messi,Paris,Forward,630,7,5,0,58.7,0,0,0,26,10,8,8,0,5,0,0,3,2,2,89.9,428,385,35,14,5,12,3,11,0,1,7,2,1,1,1,0,0,0,0,0
Tadić,Ajax,Forward,630,7,2,2,78.9,5,5,13,12,3,4,5,1,1,0,0,2,0,0,75.7,303,231,43,44,19,8,11,9,0,0,12,2,0,2,1,0,0,0,0,0
André,LOSC,Midfielder,630,7,0,0,80,0,0,0,5,1,1,3,0,0,0,0,0,0,0,82.0,352,289,0,4,0,7,9,10,0,3,49,24,12,12,11,0,0,0,0,0
Kimpembe,Paris,Defender,630,7,0,0,64.4,0,0,0,0,0,0,0,0,0,0,0,0,0,0,93.3,376,352,0,0,0,15,8,6,0,3,26,9,4,5,32,0,0,0,0,0
Adán,Sporting CP,Goalkeeper,630,7,0,0,36.3,0,0,0,0,0,0,0,0,0,0,0,0,0,0,70.2,233,166,0,0,0,34,0,0,0,0,0,0,0,0,0,17,13,0,2,8
Szczęsny,Juventus,Goalkeeper,630,7,0,0,31.4,0,0,0,0,0,0,0,0,0,0,0,0,0,0,84.0,176,145,0,0,0,8,0,0,0,0,0,0,0,0,0,14,10,0,3,3
De Gea,Man. United,Goalkeeper,630,7,0,0,26.4,0,0,0,0,0,0,0,0,0,0,0,0,0,0,74.6,164,121,0,0,0,9,0,0,0,0,0,0,0,0,0,19,9,0,1,0
Berghuis,Ajax,Forward,628,8,3,1,79.8,15,2,3,16,5,6,5,0,3,0,0,3,0,0,82.0,277,229,32,28,9,2,3,1,0,1,14,6,2,4,3,0,0,0,0,0
De Ligt,Juventus,Defender,627,7,0,0,71.5,0,0,0,1,0,0,1,0,0,0,0,0,0,0,87.6,346,307,100,1,1,8,3,2,0,2,49,5,4,1,24,0,0,0,0,0
Núñez,Benfica,Forward,613,10,6,0,72.4,0,0,0,15,8,7,0,5,0,1,0,6,0,1,56.4,117,67,22,18,4,2,6,7,0,1,10,4,2,2,7,0,0,0,0,0
Matheus Reis,Sporting CP,Defender,611,8,0,0,75.3,0,0,0,4,0,3,1,0,0,0,0,0,0,0,84.1,224,192,16,6,1,6,6,8,0,0,23,9,6,3,10,0,0,0,0,0
Ronaldo,Man. United,Forward,611,7,6,0,59.2,0,0,0,22,12,8,2,5,0,1,0,4,2,0,87.2,204,179,60,5,3,4,4,11,0,1,5,3,1,2,6,0,0,0,0,0
Adeyemi,Salzburg,Forward,607,8,3,1,69.2,0,0,23,16,10,3,3,0,3,0,0,3,0,2,53.1,90,49,28,7,2,1,9,18,0,2,8,4,1,3,0,0,0,0,0,0
Christensen,Chelsea,Defender,603,8,1,1,62.6,0,0,1,3,2,0,1,1,0,0,0,1,0,0,93.4,552,517,50,2,1,7,7,4,0,0,41,10,6,4,14,0,0,0,0,0
Zeki Çelik,LOSC,Defender,591,7,0,1,71.3,0,1,5,4,0,4,0,0,0,0,0,0,0,0,78.0,297,233,33,12,4,9,6,3,0,1,29,8,4,4,8,0,0,0,0,0
Martínez,Inter,Forward,587,8,1,0,67.4,0,0,0,28,7,10,11,1,0,0,0,0,1,0,81.1,121,97,0,1,0,0,7,9,0,1,13,11,4,7,0,0,0,0,0,0
Giménez,Atlético,Defender,585,7,0,0,63.3,0,0,0,5,0,4,1,0,0,0,0,0,0,0,78.9,211,175,0,0,0,10,4,3,0,1,35,4,2,2,23,0,0,0,0,0
Paulinho,Sporting CP,Forward,582,8,3,1,68.2,0,5,8,16,8,7,1,0,3,0,0,1,2,0,74.8,139,105,0,3,0,0,5,14,0,2,12,3,0,3,4,0,0,0,0,0
Sterling,Man. City,Forward,581,12,3,2,71.1,0,6,14,17,6,9,2,2,1,0,0,2,1,0,88.4,206,185,12,8,1,1,14,10,0,1,7,3,0,3,0,0,0,0,0,0
Nuno Mendes,Paris,Defender,581,8,0,0,62.2,0,0,0,2,2,0,0,0,0,0,0,0,0,0,83.6,258,220,16,12,2,3,5,10,0,1,25,5,4,1,12,0,0,0,0,0
Bonucci,Juventus,Defender,580,7,0,0,60.6,0,0,0,0,0,0,0,0,0,0,0,0,0,0,89.3,434,391,0,0,0,15,0,0,0,0,36,6,2,4,17,0,0,0,0,0
Kondogbia,Atlético,Midfielder,578,9,0,0,71.3,0,0,0,6,1,4,1,0,0,0,0,0,0,0,84.5,242,209,0,1,0,9,5,11,0,2,40,15,6,9,7,0,0,0,0,0
De Paul,Atlético,Midfielder,577,9,1,0,74.5,0,0,0,13,4,6,3,1,0,0,0,1,0,0,75.8,293,228,29,17,5,19,12,13,0,2,25,6,1,5,9,0,0,0,0,0
Antony,Ajax,Forward,577,7,2,5,65.1,3,4,28,26,10,9,7,0,2,0,0,2,0,0,81.9,322,262,18,27,5,2,5,9,0,1,25,7,3,4,2,0,0,0,0,0
Walker,Man. City,Defender,577,7,1,0,64.1,0,0,0,2,1,0,1,1,0,0,0,1,0,0,86.6,397,347,9,11,1,2,3,1,1,0,34,3,1,2,11,0,0,0,0,0
João Félix,Atlético,Forward,573,8,1,1,68.5,1,3,21,12,3,7,2,0,0,1,0,1,0,0,81.3,160,131,50,2,1,0,4,13,0,2,5,6,1,5,7,0,0,0,0,0
Wöber,Salzburg,Defender,573,7,1,0,66.5,0,0,0,8,2,4,2,0,1,0,0,0,1,0,79.0,314,255,0,2,0,12,7,3,0,0,39,14,6,8,36,0,0,0,0,0
Blind,Ajax,Defender,572,8,1,1,70.9,0,1,8,4,2,1,1,0,1,0,0,0,1,0,83.9,439,368,53,15,8,17,5,0,0,1,32,11,4,7,8,0,0,0,0,0
L. Hernández,Bayern,Defender,572,8,0,0,69.4,0,0,0,6,1,4,1,0,0,0,0,0,0,0,92.0,543,496,37,8,3,12,11,6,0,2,49,9,6,3,15,0,0,0,0,0
J. Timber,Ajax,Midfielder,570,8,0,0,64.9,0,0,0,2,0,2,0,0,0,0,0,0,0,0,95.8,497,474,0,1,0,14,10,6,0,3,35,6,2,4,12,0,0,0,0,0
Jorginho,Chelsea,Midfielder,561,8,2,2,68.7,1,0,1,4,2,1,1,2,0,0,0,2,0,2,91.5,519,477,50,4,2,12,9,8,0,0,38,7,5,2,2,0,0,0,0,0
Gonçalo Inácio,Sporting CP,Defender,561,7,0,1,60.7,0,0,2,1,0,1,0,0,0,0,0,0,0,0,91.4,271,246,0,0,0,17,3,2,0,1,28,4,3,1,16,0,0,0,0,0
Álvarez,Ajax,Midfielder,558,7,0,0,73,0,0,0,7,2,4,1,0,0,0,0,0,0,0,93.3,363,340,0,1,0,7,17,6,0,4,29,19,10,9,7,0,0,0,0,0
Alex Sandro,Juventus,Defender,553,7,1,0,69,0,0,0,6,1,5,0,0,0,1,0,1,0,0,86.9,325,284,14,7,1,11,8,9,0,0,32,11,4,7,11,0,0,0,0,0
Alonso,Chelsea,Defender,548,8,0,0,68.9,0,0,0,12,4,4,4,0,0,0,0,0,0,0,86.3,300,258,38,34,13,10,11,7,0,1,17,3,1,2,4,0,0,0,0,0
Everton,Benfica,Forward,543,9,0,0,67.1,0,0,0,9,4,4,1,0,0,0,0,0,0,0,78.7,115,87,44,9,4,0,6,9,0,0,13,7,5,2,2,0,0,0,0,0
Džeko,Inter,Forward,541,7,3,1,64.6,0,2,4,25,12,6,7,1,1,1,0,3,0,0,72.9,157,116,0,6,0,1,3,10,0,0,6,0,0,0,5,0,0,0,0,0
Vanaken,Club Brugge,Midfielder,540,6,3,1,69.4,2,0,7,12,6,1,5,3,0,0,0,3,0,0,83.8,288,241,100,1,1,7,3,5,0,0,22,1,0,1,3,0,0,0,0,0
S. Thill,Sheriff,Midfielder,540,6,2,1,76.8,9,0,1,13,6,5,2,0,1,0,1,0,2,0,81.2,206,167,23,17,4,18,2,2,0,1,14,12,6,6,16,0,0,0,0,0
Coates,Sporting CP,Defender,540,6,2,0,50.9,0,0,0,7,2,4,1,0,0,2,0,2,0,0,87.0,240,211,0,0,0,10,1,3,0,1,28,6,2,4,29,0,0,0,0,0
Arnold,Wolfsburg,Midfielder,540,6,0,3,67.3,10,0,1,5,1,3,1,0,0,0,0,0,0,0,78.7,266,210,38,18,7,25,10,9,0,3,30,5,2,3,8,0,0,0,0,0
Cristiano,Sheriff,Defender,540,6,0,3,63.2,0,1,7,3,1,2,0,0,0,0,0,0,0,0,73.3,159,117,42,21,9,4,4,3,0,1,18,8,3,5,18,0,0,0,0,0
Zabarnyi,Dynamo Kyiv,Defender,540,6,0,0,67.1,0,0,0,2,0,2,0,0,0,0,0,0,0,0,90.2,241,221,0,1,0,10,5,8,0,1,26,4,2,2,26,0,0,0,0,0
Fernando,Sevilla,Midfielder,540,6,0,0,66.6,0,0,0,0,0,0,0,0,0,0,0,0,0,0,86.0,293,253,0,1,0,10,6,6,0,1,51,3,1,2,6,0,0,0,0,0
Fernando Costanza,Sheriff,Defender,540,6,0,0,64.6,0,0,0,2,0,1,1,0,0,0,0,0,0,0,65.5,136,92,18,11,2,4,6,8,0,2,39,19,13,6,39,0,0,0,0,0
Dodô,Shakhtar Donetsk,Defender,540,6,0,0,64.5,0,0,0,7,2,4,1,0,0,0,0,0,0,0,88.2,289,256,10,10,1,11,5,8,0,0,37,10,6,4,8,0,0,0,0,0
Barrios,Zenit,Midfielder,540,6,0,0,61.5,0,0,0,1,0,0,1,0,0,0,0,0,0,0,91.7,306,282,0,2,0,8,6,9,0,1,41,11,7,4,13,0,0,0,0,0
Lacroix,Wolfsburg,Defender,540,6,0,0,61.3,0,0,0,2,0,2,0,0,0,0,0,0,0,0,81.8,284,232,0,0,0,22,5,6,0,2,35,1,1,0,30,0,0,0,0,0
Hendry,Club Brugge,Defender,540,6,0,0,61,0,0,0,2,1,0,1,0,0,0,0,0,0,0,84.2,175,148,0,1,0,9,4,2,0,0,42,6,4,2,18,0,0,0,0,0
Arboleda,Sheriff,Defender,540,6,0,0,53.3,0,0,0,1,0,1,0,0,0,0,0,0,0,0,84.8,145,124,0,0,0,6,1,1,0,1,30,1,0,1,37,0,0,0,0,0
Dulanto,Sheriff,Defender,540,6,0,0,53,0,0,0,3,0,3,0,0,0,0,0,0,0,0,81.3,195,162,0,0,0,11,5,1,0,3,32,11,3,8,39,0,0,0,0,0
Bounou,Sevilla,Goalkeeper,540,6,0,0,37.2,0,0,0,0,0,0,0,0,0,0,0,0,0,0,82.2,185,152,0,1,0,12,1,0,0,0,0,0,0,0,0,14,5,0,2,1
Kobel,Dortmund,Goalkeeper,540,6,0,0,35.4,0,0,0,0,0,0,0,0,0,0,0,0,0,0,87.5,175,152,0,0,0,8,0,0,0,0,0,0,0,0,0,14,11,1,2,1
Mignolet,Club Brugge,Goalkeeper,540,6,0,0,33.2,0,0,0,0,0,0,0,0,0,0,0,0,0,0,78.7,216,166,0,0,0,18,0,0,0,0,0,0,0,0,0,28,20,0,0,1
Musso,Atalanta,Goalkeeper,540,6,0,0,32.7,0,0,0,0,0,0,0,0,0,0,0,0,0,0,76.0,158,120,0,0,0,11,0,0,0,0,0,0,0,0,0,21,13,0,1,1
Pasveer,Ajax,Goalkeeper,540,6,0,0,32.7,0,0,0,0,0,0,0,0,0,0,0,0,0,0,86.2,232,200,0,0,0,5,0,0,0,0,0,0,0,0,0,13,6,0,2,2
Grbić,LOSC,Goalkeeper,540,6,0,0,31.9,0,0,0,0,0,0,0,0,0,0,0,0,0,0,50.7,165,85,0,0,0,24,0,0,0,0,0,0,0,0,0,13,4,0,3,1
Diogo Costa,Porto,Goalkeeper,540,6,0,0,31.7,0,0,0,0,0,0,0,0,0,0,0,0,0,0,64.8,269,173,0,0,0,33,0,0,0,0,0,0,0,0,0,18,11,0,2,2
Ter Stegen,Barcelona,Goalkeeper,540,6,0,0,29,0,0,0,0,0,0,0,0,0,0,0,0,0,0,88.7,213,188,0,0,0,12,0,0,0,0,0,0,0,0,0,16,9,0,3,2
Locatelli,Juventus,Midfielder,539,7,0,0,69.8,0,0,0,8,0,6,2,0,0,0,0,0,0,0,85.6,363,316,33,3,1,12,7,5,0,1,24,15,7,8,1,0,0,0,0,0
Diego Carlos,Sevilla,Defender,539,6,0,0,58.7,0,0,0,4,1,3,0,0,0,0,0,0,0,0,90.2,414,374,0,0,0,11,1,3,0,2,41,3,1,2,20,0,0,0,0,0
Mount,Chelsea,Midfielder,538,7,1,2,60.3,7,0,6,11,3,5,3,1,0,0,0,1,0,0,83.9,268,225,25,27,7,2,10,6,0,0,17,4,1,3,0,0,0,0,0,0
Rabiot,Juventus,Midfielder,536,7,0,0,67.6,0,0,0,8,2,4,2,0,0,0,0,0,0,0,89.0,267,243,20,5,1,0,6,4,0,2,27,11,6,5,5,0,0,0,0,0
Sydorchuk,Dynamo Kyiv,Midfielder,536,6,0,0,69.1,0,0,0,3,1,2,0,0,0,0,0,0,0,0,87.0,297,262,0,1,0,13,3,4,0,2,37,5,3,2,8,0,0,0,0,0
Maguire,Man. United,Defender,534,6,1,0,49.3,0,0,0,4,2,1,1,1,0,0,0,1,0,0,89.7,346,311,0,2,0,16,6,7,0,0,30,5,1,4,17,0,0,0,0,0
João Palhinha,Sporting CP,Midfielder,534,6,0,0,66.4,0,0,0,4,1,2,1,0,0,0,0,0,0,0,85.0,194,165,0,1,0,14,23,17,0,2,36,29,11,18,6,0,0,0,0,0
Tiago Djaló,LOSC,Defender,533,7,0,0,60.5,0,0,0,1,0,1,0,0,0,0,0,0,0,0,83.4,276,236,0,3,0,3,5,8,0,1,39,8,6,2,24,0,0,0,0,0
Moumi Ngamaleu,Young Boys,Midfielder,532,6,1,1,57.2,1,0,34,11,2,5,4,1,0,0,0,1,0,0,83.2,192,159,11,18,2,1,10,13,0,2,28,6,3,3,5,0,0,0,0,0
Perišić,Inter,Midfielder,531,8,0,1,65.5,0,2,13,15,4,7,4,0,0,0,0,0,0,0,79.8,219,168,25,47,12,0,6,1,0,0,31,1,1,0,13,0,0,0,0,0
Nkunku,Leipzig,Midfielder,531,6,7,0,62.8,0,0,0,17,11,4,2,3,1,3,0,7,0,0,86.3,193,167,20,15,3,8,10,8,0,0,15,4,1,3,2,0,0,0,0,0
Traore,Sheriff,Midfielder,530,6,2,1,64.4,0,1,13,11,4,6,1,0,1,1,0,2,0,0,78.0,105,83,33,3,1,1,8,7,0,0,17,5,0,5,8,0,0,0,0,0
Burak Yılmaz,LOSC,Forward,529,7,3,0,56.2,0,0,0,0,0,0,0,2,1,0,0,2,1,1,66.6,130,91,16,12,2,9,8,11,0,2,2,1,0,1,1,0,0,0,0,0
Pedro Porro,Sporting CP,Defender,529,7,1,0,60.9,0,0,0,8,3,2,3,0,0,0,1,1,0,0,65.4,207,135,8,25,2,6,6,12,0,2,19,2,1,1,8,0,0,0,0,0
Lang,Club Brugge,Forward,528,6,0,1,68.9,12,5,17,10,5,2,3,0,0,0,0,0,0,0,71.3,214,152,4,24,1,8,2,8,0,3,16,7,3,4,3,0,0,0,0,0
Clinton Mata,Club Brugge,Defender,528,6,0,0,59.9,0,0,0,2,1,1,0,0,0,0,0,0,0,0,70.3,200,144,27,11,3,10,7,10,0,1,22,8,4,4,14,0,0,0,0,0
Freuler,Atalanta,Midfielder,526,6,1,1,71.6,0,0,6,2,2,0,0,1,0,0,0,1,0,0,84.2,360,307,33,3,1,11,6,11,0,0,30,10,6,4,8,0,0,0,0,0
Depay,Barcelona,Forward,525,6,0,0,64.4,0,0,0,6,0,1,5,0,0,0,0,0,0,0,80.3,254,203,37,40,15,8,3,6,0,0,2,4,2,2,0,0,0,0,0,0
Gerard Moreno,Villarreal,Forward,524,7,2,4,65.7,0,3,9,21,6,9,6,0,1,1,0,2,0,1,66.2,163,110,16,6,1,2,3,7,0,1,9,2,0,2,5,0,0,0,0,0
Lo Celso,Villarreal,Midfielder,524,6,0,0,68.4,0,0,0,5,0,3,2,0,0,0,0,0,0,0,82.5,204,170,0,3,0,1,8,15,0,3,21,12,7,5,3,0,0,0,0,0
F. de Jong,Barcelona,Midfielder,523,6,0,0,69,0,0,0,3,1,1,1,0,0,0,0,0,0,0,90.2,346,312,0,1,0,8,4,7,0,1,25,10,3,7,3,0,0,0,0,0
Morata,Juventus,Forward,520,7,2,0,60.2,0,0,0,18,7,8,3,1,1,0,0,2,0,0,78.9,137,108,0,4,0,0,5,13,0,0,11,0,0,0,7,0,0,0,0,0
Bruno Fernandes,Man. United,Midfielder,520,7,0,7,58.4,10,2,7,12,3,3,6,0,0,0,0,0,0,0,78.2,324,250,21,28,6,11,5,9,0,0,17,13,6,7,7,0,0,0,0,0
Griezmann,Atlético,Forward,518,9,4,2,64.3,2,1,8,12,5,5,2,0,4,0,0,4,0,0,79.8,191,151,42,7,3,1,6,4,1,0,20,14,6,8,5,0,0,0,0,0
Sučić,Salzburg,Midfielder,516,8,1,0,65.4,0,0,0,12,2,5,5,0,1,0,0,1,0,1,66.9,194,153,21,14,3,4,4,2,0,0,22,2,2,0,3,0,0,0,0,0
Süle,Bayern,Defender,515,7,0,0,61.4,0,0,0,3,0,3,0,0,0,0,0,0,0,0,94.7,429,413,0,2,0,9,4,2,0,0,40,3,1,2,12,0,0,0,0,0
Yaremchuk,Benfica,Forward,514,10,3,0,66.5,0,0,0,15,9,5,1,0,2,1,0,3,0,0,70.0,103,71,0,1,0,0,2,13,0,2,2,5,2,3,2,0,0,0,0,0
Sarabia,Sporting CP,Forward,510,8,2,0,66.6,0,0,0,6,4,0,2,1,1,0,0,2,0,1,71.5,140,98,53,13,7,4,3,12,0,0,9,6,3,3,1,0,0,0,0,0
Matheus Nunes,Sporting CP,Midfielder,509,6,0,2,64.3,0,0,21,1,1,0,0,0,0,0,0,0,0,0,83.7,211,177,0,0,0,11,4,9,0,3,22,4,2,2,9,0,0,0,0,0
James,Chelsea,Defender,505,6,1,0,54.6,0,0,0,12,5,3,4,1,0,0,0,1,0,0,90.3,359,324,30,23,7,14,5,7,0,1,27,2,1,1,6,0,0,0,0,0
Aebischer,Young Boys,Midfielder,504,6,0,1,53.9,11,0,6,7,1,5,1,0,0,0,0,0,0,0,85.5,272,235,47,21,10,3,6,4,0,2,33,7,2,5,2,0,0,0,0,0
Bellingham,Dortmund,Midfielder,503,6,1,3,62.3,1,1,24,13,4,6,3,1,0,0,0,1,0,0,86.8,281,246,28,7,2,4,8,17,0,1,24,16,9,7,5,0,0,0,0,0
Zinchenko,Man. City,Defender,501,8,0,1,64.4,1,0,3,6,0,2,4,0,0,0,0,0,0,0,88.0,356,314,23,13,3,4,5,3,0,2,31,6,2,4,8,0,0,0,0,0
De Ketelaere,Club Brugge,Forward,500,6,0,1,58.5,6,10,6,8,5,2,1,0,0,0,0,0,0,0,73.0,157,116,30,13,4,2,1,11,0,0,9,1,0,1,1,0,0,0,0,0
Čolak,Malmö,Forward,500,6,0,0,63,0,0,0,7,1,5,1,0,0,0,0,0,0,0,77.5,76,59,0,2,0,0,11,7,0,1,4,2,0,2,2,0,0,0,0,0
Reus,Dortmund,Midfielder,499,6,3,1,62.7,5,7,5,15,9,3,3,3,0,0,0,3,0,2,83.0,215,182,7,14,1,8,4,3,0,1,15,1,0,1,7,0,0,0,0,0
Rakitskyy,Zenit,Defender,497,6,1,2,52.3,6,0,4,7,3,2,2,0,1,0,0,1,0,1,81.7,348,287,28,14,4,20,2,3,0,1,32,12,7,5,21,0,0,0,0,0
Barella,Inter,Midfielder,496,6,0,0,65.4,0,0,0,7,0,7,0,0,0,0,0,0,0,0,85.2,306,265,50,8,4,5,3,7,1,0,13,10,3,7,2,0,0,0,0,0
Innocent,Malmö,Midfielder,496,6,0,0,60.1,0,0,0,1,0,1,0,0,0,0,0,0,0,0,89.5,225,202,0,0,0,3,11,7,0,1,23,14,2,12,5,0,0,0,0,0
Taremi,Porto,Forward,494,6,1,1,60.6,1,2,4,17,3,10,4,0,0,1,0,1,0,0,70.3,108,75,0,1,0,0,9,6,0,1,12,2,0,2,7,0,0,0,0,0
João Mário,Benfica,Midfielder,493,8,0,4,66,8,0,7,1,1,0,0,0,0,0,0,0,0,0,85.8,268,242,40,10,4,23,13,13,0,2,18,6,2,4,2,0,0,0,0,0
Addo,Sheriff,Midfielder,491,6,0,0,59.7,0,0,0,1,0,1,0,0,0,0,0,0,0,0,85.2,137,118,0,0,0,2,14,4,0,3,27,26,7,19,10,0,0,0,0,0
Tsygankov,Dynamo Kyiv,Midfielder,490,6,0,1,65.8,10,0,8,9,2,4,3,0,0,0,0,0,0,0,84.7,174,148,22,9,2,3,3,5,0,1,20,5,1,4,6,0,0,0,0,0
Elia,Young Boys,Forward,489,6,1,0,49.1,0,0,0,10,3,7,0,1,0,0,0,1,0,0,81.8,118,96,7,14,1,2,6,6,0,1,10,1,0,1,0,0,0,0,0,0
De Vrij,Inter,Defender,487,6,1,0,55.4,0,0,0,4,3,1,0,1,0,0,0,1,0,0,92.7,322,301,0,0,0,4,5,2,0,0,31,5,4,1,16,0,0,0,0,0
Sergio Busquets,Barcelona,Midfielder,487,6,0,0,63.9,0,0,0,2,0,1,1,0,0,0,0,0,0,0,89.0,382,340,0,0,0,16,9,14,0,1,29,19,9,10,3,0,0,0,0,0
Shaparenko,Dynamo Kyiv,Midfielder,486,6,0,0,68.7,0,0,0,7,3,4,0,0,0,0,0,0,0,0,87.3,321,287,44,9,4,17,7,8,0,1,33,11,4,7,4,0,0,0,0,0
Mukiele,Leipzig,Defender,484,6,1,1,57,0,0,3,5,2,2,1,1,0,0,0,1,0,0,72.7,196,144,13,15,2,10,9,8,0,0,30,9,3,6,18,0,0,0,0,0
Wendel,Zenit,Midfielder,484,6,1,0,59.1,0,0,0,7,4,2,1,1,0,0,0,1,0,0,92.3,295,274,0,4,0,4,4,8,0,1,22,8,4,4,6,0,0,0,0,0
Meunier,Dortmund,Defender,484,6,0,1,65.6,0,1,7,1,1,0,0,0,0,0,0,0,0,0,77.3,271,212,5,18,1,3,6,1,0,1,42,3,0,3,9,0,0,0,0,0
De Roon,Atalanta,Midfielder,484,6,0,0,62.1,0,0,0,2,0,1,1,0,0,0,0,0,0,0,81.5,298,245,0,1,0,6,10,1,0,2,34,4,0,4,15,0,0,0,0,0
Nsoki,Club Brugge,Defender,484,6,0,0,56.8,0,0,0,0,0,0,0,0,0,0,0,0,0,0,85.7,184,162,0,0,0,4,7,2,0,1,41,7,2,5,27,0,0,0,0,0
Renan Lodi,Atlético,Defender,478,10,1,2,61.7,1,5,9,4,2,1,1,0,0,1,0,1,0,0,78.8,164,128,25,20,5,5,14,6,0,0,23,21,6,15,8,0,0,0,0,0
Davies,Bayern,Midfielder,477,7,0,2,61.4,0,0,18,7,2,3,2,0,0,0,0,0,0,0,86.7,278,236,26,15,4,4,7,4,0,0,24,4,2,2,4,0,0,0,0,0
Maycon,Shakhtar Donetsk,Midfielder,473,6,0,0,62.9,0,0,0,5,0,2,3,0,0,0,0,0,0,0,94.5,395,373,58,12,7,9,5,1,0,0,18,2,1,1,3,0,0,0,0,0
Carrasco,Atlético,Forward,472,7,0,0,60.1,0,0,0,6,2,1,3,0,0,0,0,0,0,0,79.7,148,117,21,14,3,11,1,7,1,0,8,1,0,1,8,0,0,0,0,0
Cuadrado,Juventus,Midfielder,472,7,0,0,56.2,0,0,0,3,0,3,0,0,0,0,0,0,0,0,87.2,256,226,32,28,9,3,3,9,0,2,23,6,1,5,9,0,0,0,0,0
Felipe,Atlético,Defender,472,7,0,0,51.4,0,0,0,1,0,1,0,0,0,0,0,0,0,0,73.6,195,168,0,0,0,5,7,2,2,3,34,3,1,2,31,0,0,0,0,0
Witsel,Dortmund,Midfielder,471,6,0,0,59.8,0,0,0,1,1,0,0,0,0,0,0,0,0,0,93.2,311,294,0,0,0,6,5,4,0,1,35,5,2,3,5,0,0,0,0,0
Neymar,Paris,Forward,468,6,0,1,55.6,7,1,27,10,1,5,4,0,0,0,0,0,0,0,84.2,259,223,0,5,0,5,4,20,0,1,11,3,1,2,0,0,0,0,0,0
Bamba,LOSC,Forward,468,6,0,0,58.2,0,0,0,4,1,0,3,0,0,0,0,0,0,0,81.3,218,174,40,25,10,8,7,11,0,3,19,5,1,4,7,0,0,0,0,0
Dumfries,Inter,Defender,467,7,0,1,60.2,0,0,5,6,1,4,1,0,0,0,0,0,0,0,77.2,124,93,14,14,2,0,12,7,0,1,10,6,1,5,4,0,0,0,0,0
Goretzka,Bayern,Midfielder,466,6,0,0,59.3,0,0,0,16,3,7,6,0,0,0,0,0,0,0,85.7,338,307,33,3,1,5,7,4,0,0,35,8,5,3,6,0,0,0,0,0
Zapata,Atalanta,Forward,464,6,3,3,50.1,0,7,10,22,8,7,7,2,1,0,0,3,0,0,70.0,130,92,20,5,1,0,7,6,0,1,2,2,1,1,3,0,0,0,0,0
Coquelin,Villarreal,Midfielder,463,8,1,0,57.6,0,0,0,3,2,1,0,0,0,1,0,1,0,0,82.0,150,124,50,2,1,1,9,4,1,2,13,9,3,6,6,0,0,0,0,0
Ocampos,Sevilla,Midfielder,463,6,1,1,50.6,1,1,16,12,3,7,2,1,0,0,0,1,0,0,79.2,165,133,21,19,4,1,4,18,0,2,9,1,0,1,2,0,0,0,0,0
Lauper,Young Boys,Midfielder,462,6,0,0,42.1,0,0,0,3,3,0,0,0,0,0,0,0,0,0,90.2,348,313,0,0,0,6,3,1,0,0,43,12,7,5,13,0,0,0,0,0
Grealish,Man. City,Midfielder,461,7,1,1,57.1,3,6,18,10,3,0,7,1,0,0,0,1,0,0,87.2,243,214,40,5,2,3,9,17,0,0,11,2,0,2,0,0,0,0,0,0
Claudinho,Zenit,Midfielder,460,6,2,0,55.8,0,0,0,13,4,6,3,1,0,1,0,2,0,0,85.3,267,229,45,22,10,5,7,8,0,1,20,6,1,5,3,0,0,0,0,0
Otávio,Porto,Midfielder,450,6,0,0,53.8,0,0,0,6,0,4,2,0,0,0,0,0,0,0,70.0,197,149,56,16,9,4,12,8,0,1,19,13,7,6,5,0,0,0,0,0
Feddal,Sporting CP,Defender,450,6,0,0,49.2,0,0,0,1,0,1,0,0,0,0,0,0,0,0,71.5,259,229,0,0,0,7,0,0,0,0,24,8,3,5,19,0,0,0,0,0
Palomino,Atalanta,Defender,450,5,1,1,50.5,0,1,0,3,1,1,1,0,1,0,0,1,0,0,83.6,245,207,0,0,0,12,5,0,0,1,41,6,3,3,14,0,0,0,0,0
T. Hernández,Milan,Defender,450,5,0,1,51.4,3,4,10,3,0,2,1,0,0,0,0,0,0,0,78.6,215,172,31,16,5,7,5,9,0,2,21,5,2,3,11,0,0,0,0,0
Danilo,Juventus,Defender,450,5,0,1,49.9,0,0,1,2,0,0,2,0,0,0,0,0,0,0,89.6,362,331,0,7,0,9,4,6,0,0,24,9,1,8,21,0,0,0,0,0
Mykolenko,Dynamo Kyiv,Defender,450,5,0,0,56.4,0,0,0,2,1,1,0,0,0,0,0,0,0,0,84.2,201,171,22,9,2,6,3,5,0,0,22,6,2,4,9,0,0,0,0,0
Syrota,Dynamo Kyiv,Defender,450,5,0,0,54,0,0,0,1,0,1,0,0,0,0,0,0,0,0,85.6,224,194,0,0,0,4,4,0,0,0,23,4,3,1,24,0,0,0,0,0
Koundé,Sevilla,Defender,450,5,0,0,53.2,0,0,0,5,2,2,1,0,0,0,0,0,0,0,90.0,343,311,0,0,0,11,3,4,0,0,48,0,0,0,15,0,0,0,0,0
Savić,Atlético,Defender,450,5,0,0,51.6,0,0,0,2,0,1,1,0,0,0,0,0,0,0,81.0,191,158,0,0,0,9,1,1,0,1,34,6,5,1,17,0,0,0,0,0
Akanji,Dortmund,Defender,450,5,0,0,50.6,0,0,0,2,0,1,1,0,0,0,0,0,0,0,87.0,299,262,0,1,0,9,1,2,0,0,39,5,2,3,12,0,0,0,0,0
L. Nielsen,Malmö,Defender,450,5,0,0,49.1,0,0,0,2,0,1,1,0,0,0,0,0,0,0,84.8,162,140,0,0,0,4,2,1,0,2,27,6,5,1,28,0,0,0,0,0
Marlon,Shakhtar Donetsk,Defender,450,5,0,0,48.8,0,0,0,3,0,3,0,0,0,0,0,0,0,0,94.8,424,402,0,0,0,8,6,0,0,0,21,3,1,2,15,0,0,0,0,0
Mbemba,Porto,Defender,450,5,0,0,46.5,0,0,0,2,0,1,1,0,0,0,0,0,0,0,88.2,215,192,100,2,2,10,3,4,1,2,31,4,1,3,19,0,0,0,0,0
Casteels,Wolfsburg,Goalkeeper,450,5,0,0,30.8,0,0,0,0,0,0,0,0,0,0,0,0,0,0,71.4,182,129,0,0,0,10,0,0,0,0,0,0,0,0,0,18,8,0,1,2
Ersin Destanoğlu,Beşiktaş,Goalkeeper,450,5,0,0,29.3,0,0,0,0,0,0,0,0,0,0,0,0,0,0,70.2,145,101,0,0,0,7,0,0,0,0,0,0,0,0,0,20,17,0,0,0
Donnarumma,Paris,Goalkeeper,450,5,0,0,27.5,0,0,0,0,0,0,0,0,0,0,0,0,0,0,83.8,153,128,0,0,0,13,0,0,0,0,0,0,0,0,0,18,6,1,2,9
Gulácsi,Leipzig,Goalkeeper,450,5,0,0,27.2,0,0,0,0,0,0,0,0,0,0,0,0,0,0,81.2,182,145,0,0,0,21,0,0,0,0,0,0,0,0,0,11,14,0,0,0
Bushchan,Dynamo Kyiv,Goalkeeper,450,5,0,0,25.6,0,0,0,0,0,0,0,0,0,0,0,0,0,0,71.0,200,142,0,0,0,18,0,0,0,0,0,0,0,0,0,13,11,0,0,4
Athanasiadis,Sheriff,Goalkeeper,450,5,0,0,22.7,0,0,0,0,0,0,0,0,0,0,0,0,0,0,69.2,154,106,0,0,0,10,0,0,0,0,0,0,0,0,0,29,8,0,1,2
Musiala,Bayern,Midfielder,448,8,1,1,59,0,1,20,10,3,2,5,0,1,0,0,1,0,0,83.4,168,141,0,2,0,0,5,5,0,0,17,2,1,1,1,0,0,0,0,0
Brorsson,Malmö,Defender,448,5,0,0,49.9,0,0,0,0,0,0,0,0,0,0,0,0,0,0,80.2,163,139,0,0,0,4,5,2,0,2,17,4,3,1,22,0,0,0,0,0
Ziyech,Chelsea,Midfielder,446,9,1,2,53.5,23,0,12,13,6,2,5,0,1,0,0,1,0,0,76.8,240,186,26,41,11,3,13,8,0,2,11,5,2,3,1,0,0,0,0,0
Saelemaekers,Milan,Midfielder,444,6,0,0,57.3,0,0,0,4,1,1,2,0,0,0,0,0,0,0,77.5,182,141,28,7,2,1,7,7,0,1,24,5,1,4,2,0,0,0,0,0
Douglas Santos,Zenit,Defender,444,5,0,2,50.5,6,1,3,5,0,3,2,0,0,0,0,0,0,0,85.0,238,202,39,23,9,4,4,6,0,0,23,8,5,3,20,0,0,0,0,0
Chistiakov,Zenit,Defender,444,5,0,0,50.8,0,0,0,5,1,2,2,0,0,0,0,0,0,0,92.2,209,196,0,0,0,4,7,1,1,2,19,6,4,2,18,0,0,0,0,0
Souza,Beşiktaş,Midfielder,442,5,0,0,55.5,0,0,0,3,0,2,1,0,0,0,0,0,0,0,87.2,267,237,0,1,0,13,7,3,1,3,40,20,12,8,9,0,0,0,0,0
Berget,Malmö,Midfielder,438,5,0,0,53,0,0,0,0,0,0,0,0,0,0,0,0,0,0,64.2,162,104,28,7,2,0,3,4,0,0,15,3,1,2,16,0,0,0,0,0
Onguéné,Salzburg,Defender,437,5,0,0,48.3,0,0,0,0,0,0,0,0,0,0,0,0,0,0,87.2,242,213,0,0,0,10,5,5,0,1,33,4,3,1,22,0,0,0,0,0
Buyalskiy,Dynamo Kyiv,Midfielder,436,5,0,0,58.5,0,0,0,4,3,0,1,0,0,0,0,0,0,0,80.4,101,84,50,2,1,0,2,14,0,1,8,5,2,3,1,0,0,0,0,0
Xeka,LOSC,Midfielder,435,7,0,0,54.1,0,0,0,4,0,3,1,0,0,0,0,0,0,0,80.3,218,180,33,9,3,16,6,5,0,3,19,8,1,7,4,0,0,0,0,0
Mæhle,Atalanta,Defender,435,5,0,1,56.4,0,1,11,3,0,2,1,0,0,0,0,0,0,0,81.8,217,184,0,8,0,0,3,7,0,0,21,4,3,1,4,0,0,0,0,0
Garcia,Young Boys,Defender,435,5,0,0,40.2,0,0,0,5,1,2,2,0,0,0,0,0,0,0,79.8,226,184,30,23,7,6,9,2,0,1,21,8,4,4,7,0,0,0,0,0
Malcom,Zenit,Forward,434,6,0,1,48.6,6,2,12,10,3,3,4,0,0,0,0,0,0,0,84.5,179,149,23,21,5,5,3,14,0,0,13,3,2,1,2,0,0,0,0,0
Fred,Man. United,Midfielder,433,6,0,0,43.4,0,0,0,5,2,2,1,0,0,0,0,0,0,0,84.8,262,224,50,2,1,5,4,10,0,1,29,10,6,4,2,0,0,0,0,0
Angeliño,Leipzig,Defender,432,5,0,3,50.7,8,0,4,5,0,2,3,0,0,0,0,0,0,0,72.4,180,132,26,30,8,10,4,2,1,2,14,3,2,1,5,0,0,0,0,0
Pedraza,Villarreal,Midfielder,431,10,0,1,55.3,0,0,9,6,0,6,0,0,0,0,0,0,0,0,61.4,195,151,15,19,3,0,5,3,0,1,18,4,1,3,9,0,0,0,0,0
Pino,Villarreal,Forward,431,7,1,0,54.7,0,0,0,4,2,2,0,0,0,1,0,1,0,0,76.7,106,88,0,5,0,0,7,7,0,3,14,10,4,6,0,0,0,0,0,0
Verratti,Paris,Midfielder,431,5,0,0,55.7,0,0,0,0,0,0,0,0,0,0,0,0,0,0,93.0,436,403,0,2,0,14,5,10,0,2,22,35,18,17,4,0,0,0,0,0
Guilavogui,Wolfsburg,Midfielder,429,5,0,0,50.5,0,0,0,1,0,1,0,0,0,0,0,0,0,0,85.4,215,184,0,0,0,5,11,2,1,4,39,6,1,5,26,0,0,0,0,0
Kanté,Chelsea,Midfielder,427,6,0,1,52.2,0,0,4,3,0,2,1,0,0,0,0,0,0,0,89.8,274,245,50,4,2,3,12,2,0,0,29,9,3,6,4,0,0,0,0,0
Kovačić,Chelsea,Midfielder,426,6,0,0,50.3,0,0,0,4,0,2,2,0,0,0,0,0,0,0,91.3,457,425,0,0,0,7,6,4,0,0,16,12,5,7,1,0,0,0,0,0
Lindelöf,Man. United,Defender,426,5,0,0,37.8,0,0,0,0,0,0,0,0,0,0,0,0,0,0,93.6,280,263,50,2,1,8,5,1,0,1,30,5,3,2,15,0,0,0,0,0
Hermoso,Atlético,Defender,425,6,0,0,47.7,0,0,0,2,0,1,1,0,0,0,0,0,0,0,76.0,165,127,0,3,0,8,9,1,0,1,28,2,1,1,23,0,0,0,0,0
C. Martins Pereira,Young Boys,Midfielder,420,5,0,0,44.5,0,0,0,5,1,3,1,0,0,0,0,0,0,0,91.2,177,162,0,0,0,6,7,4,0,1,32,10,2,8,6,0,0,0,0,0
Hakan Çalhanoğlu,Inter,Midfielder,419,6,0,0,55.2,0,0,0,5,1,3,1,0,0,0,0,0,0,0,85.7,262,225,47,34,16,4,5,4,0,0,14,8,2,6,2,0,0,0,0,0
Wan0Bissaka,Man. United,Defender,419,6,0,0,45.9,0,0,0,1,0,0,1,0,0,0,0,0,0,0,84.8,254,218,0,9,0,2,4,2,1,0,28,12,7,5,12,0,0,0,0,0
Tomori,Milan,Defender,418,5,1,0,45.4,0,0,0,3,2,1,0,1,0,0,0,1,0,0,87.4,194,169,0,0,0,3,7,4,0,2,30,10,3,7,22,0,0,0,0,0
Botman,LOSC,Defender,418,5,0,0,47.4,0,0,0,3,1,2,0,0,0,0,0,0,0,0,88.0,248,220,0,0,0,13,1,3,0,1,37,7,5,2,20,0,0,0,0,0
Rits,Club Brugge,Midfielder,417,6,2,0,53.9,0,0,0,8,4,2,2,1,1,0,0,2,0,0,77.2,129,101,33,3,1,3,2,4,0,0,14,5,3,2,2,0,0,0,0,0
Baku,Wolfsburg,Midfielder,413,6,1,0,48.6,0,0,0,2,1,0,1,1,0,0,0,1,0,0,68.7,144,99,11,9,1,2,3,1,0,0,11,0,0,0,8,0,0,0,0,0
Ahmedhodžić,Malmö,Defender,413,5,0,0,46.3,0,0,0,0,0,0,0,0,0,0,0,0,0,0,83.0,225,191,0,0,0,10,6,0,1,1,32,6,3,3,24,0,0,0,0,0
André Silva,Leipzig,Forward,410,6,3,2,47.2,0,9,5,21,10,6,5,2,0,1,0,3,0,0,83.8,99,82,66,3,2,1,8,8,0,0,8,3,0,3,1,0,0,0,0,0
Vidal,Inter,Midfielder,409,7,1,2,53.2,0,0,2,3,2,0,1,0,1,0,0,1,0,0,90.4,254,222,66,3,2,3,10,6,0,1,30,19,10,9,9,0,0,0,0,0
Balanta,Club Brugge,Midfielder,407,5,0,0,50.7,0,0,0,0,0,0,0,0,0,0,0,0,0,0,79.8,155,124,0,2,0,1,18,3,0,4,37,10,3,7,9,0,0,0,0,0
Renato Sanches,LOSC,Midfielder,407,5,0,0,49.2,0,0,0,4,1,2,1,0,0,0,0,0,0,0,80.4,204,163,11,9,1,5,9,8,0,0,12,3,1,2,6,0,0,0,0,0
Zappacosta,Atalanta,Defender,405,6,0,1,51,0,0,12,7,1,4,2,0,0,0,0,0,0,0,89.7,188,162,8,12,1,6,6,11,0,1,10,4,0,4,3,0,0,0,0,0
Laimer,Leipzig,Midfielder,405,6,0,1,49.1,0,0,4,5,3,1,1,0,0,0,0,0,0,0,81.2,187,149,16,6,1,4,11,5,0,0,19,11,2,9,1,0,0,0,0,0
Kolovos,Sheriff,Midfielder,405,6,0,0,49.3,0,0,0,2,0,0,2,0,0,0,0,0,0,0,71.5,88,66,0,1,0,0,1,8,0,1,10,1,0,1,0,0,0,0,0,0
Rosier,Beşiktaş,Defender,405,5,0,0,46.8,0,0,0,1,0,1,0,0,0,0,0,0,0,0,84.4,177,150,14,14,2,3,4,3,0,0,23,7,3,4,9,0,0,0,0,0
Correa,Atlético,Forward,401,10,1,0,49.6,0,0,0,9,3,4,2,1,0,0,0,1,0,0,65.6,139,107,28,7,2,1,10,8,0,2,12,5,3,2,0,0,0,0,0,0
Gueye,Paris,Midfielder,400,7,1,0,48.1,0,0,0,4,2,2,0,1,0,0,0,1,0,0,88.7,209,190,33,3,1,2,10,7,0,1,14,12,5,7,5,0,0,0,0,0
McTominay,Man. United,Midfielder,400,5,0,0,53.8,0,0,0,4,1,2,1,0,0,0,0,0,0,0,90.2,217,197,0,0,0,10,7,4,0,1,28,7,2,5,4,0,0,0,0,0
Gavi,Barcelona,Midfielder,398,6,0,0,54.1,0,0,0,4,0,3,1,0,0,0,0,0,0,0,92.8,164,153,0,3,0,1,16,7,0,2,20,9,4,5,2,0,0,0,0,0
Weghorst,Wolfsburg,Forward,398,5,0,0,49.4,0,0,0,8,2,5,1,0,0,0,0,0,0,0,75.0,92,69,0,0,0,0,10,6,0,2,10,3,2,1,3,0,0,0,0,0
Shaw,Man. United,Defender,397,5,0,2,36.6,3,1,1,1,0,1,0,0,0,0,0,0,0,0,79.8,233,190,29,17,5,6,7,5,0,2,20,6,4,2,2,0,0,0,0,0
Brandt,Dortmund,Midfielder,395,5,0,0,51.8,0,0,0,4,0,3,1,0,0,0,0,0,0,0,83.6,240,198,26,19,5,5,2,2,0,0,23,1,0,1,2,0,0,0,0,0
Sancho,Man. United,Midfielder,393,7,1,0,42,0,0,0,5,3,1,1,1,0,0,0,1,0,0,85.7,202,176,0,4,0,0,0,0,0,0,10,0,0,0,2,0,0,0,0,0
Piqué,Barcelona,Defender,393,5,1,0,44,0,0,0,2,1,1,0,1,0,0,0,1,0,0,92.8,288,269,0,0,0,2,8,3,0,2,33,8,1,7,13,0,0,0,0,0
Malen,Dortmund,Forward,392,6,3,0,43.7,0,0,0,11,5,3,3,1,2,0,0,3,0,0,76.3,137,107,33,6,2,2,6,5,0,0,6,0,0,0,0,0,0,0,0,0
Romagnoli,Milan,Defender,392,5,0,0,44.7,0,0,0,1,0,1,0,0,0,0,0,0,0,0,86.4,221,192,0,1,0,7,4,0,0,0,32,10,7,3,18,0,0,0,0,0
Gnabry,Bayern,Forward,391,8,3,2,46.7,3,0,12,18,8,6,4,2,0,0,0,3,0,0,73.6,231,194,20,10,2,0,3,1,0,0,14,2,1,1,0,0,0,0,0,0
Zaidu,Porto,Defender,389,6,0,0,45.9,0,0,0,1,0,1,0,0,0,0,0,0,0,0,73.7,152,112,25,8,2,3,4,6,0,1,26,7,4,3,14,0,0,0,0,0
McKennie,Juventus,Midfielder,388,6,0,0,51.9,0,0,0,7,3,3,1,0,0,0,0,0,0,0,85.8,170,153,0,3,0,1,3,2,0,0,15,5,0,5,3,0,0,0,0,0
Hefti,Young Boys,Defender,386,6,1,1,38.8,0,0,3,2,1,0,1,0,1,0,0,0,1,0,74.7,204,154,30,20,6,3,9,1,0,1,19,9,4,5,7,0,0,0,0,0
Forsberg,Leipzig,Forward,385,6,2,2,48.2,9,0,3,11,4,3,4,2,0,0,0,1,1,1,83.8,164,132,53,13,7,5,6,4,0,0,12,2,0,2,1,0,0,0,0,0
Batshuayi,Beşiktaş,Forward,383,5,0,0,43.5,0,0,0,10,2,7,1,0,0,0,0,0,0,0,73.2,88,66,0,2,0,0,6,3,0,1,4,2,0,2,2,0,0,0,0,0
Bentancur,Juventus,Midfielder,382,5,0,1,48.7,0,1,2,2,0,2,0,0,0,0,0,0,0,0,83.0,206,176,0,4,0,0,5,2,0,0,23,7,3,4,2,0,0,0,0,0
Ricardo Esgaio,Sporting CP,Defender,380,8,0,2,48.8,0,0,1,2,0,1,1,0,0,0,0,0,0,0,75.6,171,146,33,3,1,7,7,3,0,1,17,7,3,4,5,0,0,0,0,0
Acuña,Sevilla,Defender,379,5,0,0,43.2,0,0,0,0,0,0,0,0,0,0,0,0,0,0,77.8,275,214,40,30,12,15,12,6,0,0,19,8,6,2,4,0,0,0,0,0
Lemar,Atlético,Midfielder,377,8,0,1,48.9,7,0,7,4,3,0,1,0,0,0,0,0,0,0,76.1,171,133,28,14,4,0,3,3,0,0,14,4,3,1,4,0,0,0,0,0
Bennacer,Milan,Midfielder,376,6,0,0,47.1,0,0,0,2,1,0,1,0,0,0,0,0,0,0,85.8,200,170,36,11,4,16,7,8,0,1,31,9,5,4,5,0,0,0,0,0
De Pena,Dynamo Kyiv,Midfielder,375,6,0,0,49,0,0,0,4,2,0,2,0,0,0,0,0,0,0,70.3,124,87,10,10,1,3,0,0,0,0,10,2,1,1,3,0,0,0,0,0
Jordi Alba,Barcelona,Defender,375,5,0,1,45.8,0,1,0,3,2,1,0,0,0,0,0,0,0,0,84.0,301,251,30,30,9,7,4,2,0,0,22,4,1,3,7,0,0,0,0,0
Tetê,Shakhtar Donetsk,Forward,373,6,0,0,44.5,0,0,0,9,2,4,3,0,0,0,0,0,0,0,86.5,129,110,0,4,0,0,6,10,0,0,6,1,0,1,0,0,0,0,0,0
Demiral,Atalanta,Defender,370,6,1,0,42.2,0,0,0,2,2,0,0,0,0,1,0,1,0,0,92.2,176,162,0,0,0,9,4,2,0,1,31,3,1,2,21,0,0,0,0,0
Gonçalo Ramos,Benfica,Forward,369,7,1,1,52.1,0,0,4,10,2,4,4,1,0,0,0,1,0,0,78.3,101,76,0,0,0,1,8,6,0,2,14,0,0,0,2,0,0,0,0,0
Luís Neto,Sporting CP,Defender,368,6,0,0,38.6,0,0,0,0,0,0,0,0,0,0,0,0,0,0,90.7,220,202,0,0,0,19,0,0,0,0,25,13,7,6,13,0,0,0,0,0
Pulišić,Chelsea,Midfielder,367,7,2,1,47.3,0,1,11,6,2,4,0,2,0,0,0,2,0,0,86.3,123,106,25,4,1,0,4,4,0,0,3,3,1,2,0,0,0,0,0,0
Ronald Araújo,Barcelona,Defender,367,5,0,0,36.4,0,0,0,3,0,3,0,0,0,0,0,0,0,0,86.0,192,167,33,3,1,9,1,5,0,1,19,8,6,2,9,0,0,0,0,0
Kędziora,Dynamo Kyiv,Defender,366,5,0,0,44.4,0,0,0,0,0,0,0,0,0,0,0,0,0,0,82.0,129,106,16,6,1,6,3,3,0,0,12,8,4,4,8,0,0,0,0,0
Danilo,Paris,Midfielder,362,7,0,0,40.6,0,0,0,2,0,2,0,0,0,0,0,0,0,0,79.4,199,185,0,0,0,5,6,3,0,2,15,4,2,2,10,0,0,0,0,0
Roussillon,Wolfsburg,Defender,362,6,0,0,41.6,0,0,0,1,0,1,0,0,0,0,0,0,0,0,78.7,131,103,0,7,0,0,4,2,0,2,27,3,2,1,8,0,0,0,0,0
Tolói,Atalanta,Defender,360,4,0,0,45.2,0,0,0,4,1,3,0,0,0,0,0,0,0,0,83.3,231,189,50,10,5,5,3,1,0,0,34,6,5,1,6,0,0,0,0,0
Matviyenko,Shakhtar Donetsk,Defender,360,4,0,0,43,0,0,0,2,0,2,0,0,0,0,0,0,0,0,92.8,350,328,0,2,0,1,2,3,0,0,27,2,1,1,9,0,0,0,0,0
Kritsyuk,Zenit,Goalkeeper,360,4,0,0,19.5,0,0,0,0,0,0,0,0,0,0,0,0,0,0,77.3,97,74,0,0,0,9,0,0,0,0,0,0,0,0,0,12,6,0,1,10
Loftus0Cheek,Chelsea,Forward,358,8,0,1,44.2,0,0,15,5,1,3,1,0,0,0,0,0,0,0,80.3,252,229,42,7,3,2,5,9,0,2,11,4,2,2,2,0,0,0,0,0
Hummels,Dortmund,Defender,358,5,0,0,41.2,0,0,0,3,0,3,0,0,0,0,0,0,0,0,86.8,310,277,0,0,0,3,6,1,1,1,28,8,1,7,12,0,0,0,0,0
Castañeda,Sheriff,Midfielder,357,5,0,0,45.5,0,0,0,4,2,1,1,0,0,0,0,0,0,0,79.6,90,73,25,8,2,1,5,5,0,0,11,8,1,7,3,0,0,0,0,0
Klostermann,Leipzig,Defender,357,5,0,0,42.2,0,0,0,0,0,0,0,0,0,0,0,0,0,0,85.8,161,140,0,1,0,2,3,0,0,1,24,4,3,1,17,0,0,0,0,0
Birmančević,Malmö,Midfielder,356,6,0,1,44.6,0,0,19,5,0,4,1,0,0,0,0,0,0,0,75.0,92,66,33,3,1,3,1,10,0,0,8,6,3,3,2,0,0,0,0,0
Ismaily,Shakhtar Donetsk,Defender,355,5,0,0,44.8,0,0,0,3,0,3,0,0,0,0,0,0,0,0,86.0,184,159,0,4,0,5,1,4,0,0,19,1,1,0,13,0,0,0,0,0
Larin,Beşiktaş,Forward,354,5,1,0,40.2,0,0,0,8,5,2,1,0,0,1,0,1,0,0,78.0,100,78,0,1,0,0,7,11,0,3,7,7,2,5,4,0,0,0,0,0
Varane,Man. United,Defender,353,5,0,0,34.2,0,0,0,2,2,0,0,0,0,0,0,0,0,0,88.0,245,222,0,0,0,6,3,2,0,1,34,0,0,0,18,0,0,0,0,0
Jesus,Man. City,Forward,352,8,4,1,41.9,0,4,7,9,7,1,1,4,0,0,0,4,0,0,86.0,131,113,0,4,0,0,9,3,0,3,6,3,2,1,1,0,0,0,0,0
Brahim Díaz,Milan,Midfielder,351,5,1,1,43.9,0,0,19,5,2,2,1,0,1,0,0,1,0,0,78.8,124,98,0,1,0,1,3,12,0,1,6,2,2,0,1,0,0,0,0,0
João Mário,Porto,Forward,351,4,0,0,39.3,0,0,0,0,0,0,0,0,0,0,0,0,0,0,75.3,126,95,11,9,1,7,1,4,0,0,21,1,0,1,6,0,0,0,0,0
Fernando,Shakhtar Donetsk,Midfielder,350,5,2,0,34.8,0,0,0,12,5,4,3,2,0,0,0,2,0,0,80.4,77,63,0,1,0,0,6,3,0,1,6,2,0,2,1,0,0,0,0,0
Pepe,Porto,Defender,349,5,0,0,39.8,0,0,0,2,1,1,0,0,0,0,0,0,0,0,86.0,190,163,0,2,0,10,3,6,0,1,30,4,2,2,17,0,0,0,0,0
Fernandinho,Man. City,Midfielder,347,8,0,2,44.7,0,0,1,4,0,2,2,0,0,0,0,0,0,0,85.3,291,254,40,5,2,12,1,12,0,1,17,9,4,5,1,0,0,0,0,0
Luis Suárez,Atlético,Forward,347,7,1,0,38.7,0,0,0,8,2,5,1,1,0,0,0,1,0,1,67.0,84,57,0,3,0,2,3,4,0,2,1,0,0,0,2,0,0,0,0,0
Pogba,Man. United,Midfielder,347,6,0,0,30.9,0,0,0,2,1,0,1,0,0,0,0,0,0,0,83.0,191,157,66,3,2,2,7,7,0,0,9,5,3,2,4,0,0,0,0,0
Camara,Young Boys,Defender,347,4,0,0,30.5,0,0,0,2,1,1,0,0,0,0,0,0,0,0,87.0,208,185,0,0,0,4,4,0,0,0,22,7,3,4,11,0,0,0,0,0
Okafor,Salzburg,Midfielder,345,6,3,0,40,0,0,0,7,5,1,1,3,0,0,0,3,0,0,51.0,80,51,0,4,0,0,5,2,0,1,3,5,0,5,0,0,0,0,0,0
Ghezzal,Beşiktaş,Midfielder,345,5,1,0,38.3,0,0,0,8,2,6,0,0,1,0,0,1,0,1,69.0,161,113,14,14,2,3,4,6,0,1,8,7,1,6,0,0,0,0,0,0
Lenglet,Barcelona,Defender,345,4,0,0,40.4,0,0,0,4,1,2,1,0,0,0,0,0,0,0,89.3,304,274,0,1,0,7,3,2,0,1,17,6,2,4,2,0,0,0,0,0
Taarabt,Benfica,Midfielder,343,9,0,0,45.2,0,0,0,0,0,0,0,0,0,0,0,0,0,0,83.5,149,127,0,4,0,6,5,4,0,2,13,4,1,3,1,0,0,0,0,0
Pedrinho,Shakhtar Donetsk,Midfielder,343,4,0,0,40.9,0,0,0,10,2,4,4,0,0,0,0,0,0,0,88.0,170,150,50,4,2,0,5,3,0,0,4,2,0,2,0,0,0,0,0,0
Siebatcheu,Young Boys,Forward,341,6,2,0,35.6,0,0,0,10,3,6,1,1,0,1,0,2,0,0,68.3,64,51,0,0,0,0,7,3,0,0,5,1,0,1,2,0,0,0,0,0
Vranckx,Wolfsburg,Midfielder,337,4,0,0,41.5,0,0,0,1,1,0,0,0,0,0,0,0,0,0,80.0,95,77,50,6,3,1,8,7,0,0,17,4,0,4,3,0,0,0,0,0
Chiesa,Juventus,Forward,336,4,2,0,37.5,0,0,0,13,4,8,1,0,2,0,0,2,0,0,84.5,90,77,25,12,3,1,5,11,0,0,4,1,0,1,1,0,0,0,0,0
Gvardiol,Leipzig,Defender,334,6,0,0,41.5,0,0,0,4,0,2,2,0,0,0,0,0,0,0,86.3,196,162,0,2,0,3,8,3,0,0,39,9,5,4,12,0,0,0,0,0
Tonali,Milan,Midfielder,333,6,0,0,44.4,0,0,0,2,0,1,1,0,0,0,0,0,0,0,78.5,184,148,33,9,3,14,3,6,0,0,21,2,2,0,6,0,0,0,0,0
Jesús Navas,Sevilla,Defender,332,4,0,0,40,0,0,0,2,1,0,1,0,0,0,0,0,0,0,83.5,249,209,31,19,6,3,3,4,0,1,15,0,0,0,5,0,0,0,0,0
Sobol,Club Brugge,Defender,331,4,0,1,39.1,0,0,4,2,0,2,0,0,0,0,0,0,0,0,75.0,96,74,25,4,1,1,3,2,0,0,14,4,3,1,11,0,0,0,0,0
Brooks,Wolfsburg,Defender,331,4,0,0,36.3,0,0,0,0,0,0,0,0,0,0,0,0,0,0,85.0,167,143,0,0,0,13,5,0,1,3,18,3,2,1,23,0,0,0,0,0
Trigueros,Villarreal,Midfielder,330,9,1,0,42.9,0,0,0,6,6,0,0,1,0,0,0,1,0,0,81.3,142,116,0,2,0,4,3,6,0,0,8,6,1,5,4,0,0,0,0,0
Pedro Gonçalves,Sporting CP,Midfielder,329,5,4,2,41.3,7,0,10,13,7,3,3,4,0,0,0,3,1,1,64.2,83,54,62,8,5,1,3,4,0,0,10,4,3,1,1,0,0,0,0,0
Mbabu,Wolfsburg,Defender,328,6,0,0,38.6,0,0,0,1,0,1,0,0,0,0,0,0,0,0,64.8,141,96,31,16,5,4,7,3,0,2,17,7,5,2,16,0,0,0,0,0
Solet,Salzburg,Defender,328,5,0,0,38.9,0,0,0,2,2,0,0,0,0,0,0,0,0,0,84.6,142,123,0,0,0,6,4,0,0,0,36,1,0,1,18,0,0,0,0,0
Christiansen,Malmö,Midfielder,328,4,0,0,41.9,0,0,0,5,1,3,1,0,0,0,0,0,0,0,80.8,193,163,16,12,2,11,3,3,0,1,13,2,0,2,4,0,0,0,0,0
Jordán,Sevilla,Midfielder,327,6,1,0,43.3,0,0,0,3,2,0,1,0,0,1,0,1,0,0,91.5,221,203,50,4,2,9,10,4,1,2,18,6,2,4,2,0,0,0,0,0
Herrera,Paris,Midfielder,326,6,1,0,44.3,0,0,0,3,2,0,1,0,1,0,0,1,0,0,80.3,224,199,50,2,1,3,6,5,0,1,12,9,6,3,5,0,0,0,0,0
Garmash,Dynamo Kyiv,Midfielder,325,6,1,0,42.7,0,0,0,7,3,1,3,1,0,0,0,1,0,0,78.5,88,69,0,2,0,0,11,15,0,2,10,9,2,7,1,0,0,0,0,0
Aké,Man. City,Defender,324,6,1,0,36.9,0,0,0,4,1,3,0,0,0,1,0,1,0,0,90.3,259,244,0,0,0,7,3,4,0,1,19,3,3,0,19,0,0,0,0,0
L. Nmecha,Wolfsburg,Forward,322,5,2,0,42,0,0,0,9,4,1,4,1,0,1,0,2,0,0,79.8,66,50,0,1,0,0,8,9,0,3,7,5,2,3,3,0,0,0,0,0
Solomon,Shakhtar Donetsk,Midfielder,322,5,0,0,42.3,0,0,0,7,1,4,2,0,0,0,0,0,0,0,90.0,136,123,0,5,0,0,2,2,0,0,6,0,0,0,0,0,0,0,0,0
Gómez,Sevilla,Forward,322,5,0,0,36.7,0,0,0,5,1,1,3,0,0,0,0,0,0,0,83.8,176,148,13,15,2,1,1,5,0,0,8,1,0,1,1,0,0,0,0,0
Kessié,Milan,Midfielder,321,5,0,1,41.2,0,0,0,4,1,2,1,0,0,0,0,0,0,0,85.0,175,150,100,4,4,10,9,6,1,2,15,4,0,4,5,0,0,0,0,0
Lukaku,Chelsea,Forward,320,6,2,0,31.5,0,0,0,11,3,6,2,0,1,1,0,2,0,0,79.5,61,49,75,4,3,0,2,2,0,0,2,1,1,0,0,0,0,0,0,0
Grujić,Porto,Midfielder,320,6,0,1,40.9,0,0,3,7,6,1,0,0,0,0,0,0,0,0,76.5,131,110,0,0,0,2,9,4,0,1,16,8,3,5,4,0,0,0,0,0
Paredes,Paris,Midfielder,315,5,0,0,36.9,0,0,0,1,0,1,0,0,0,0,0,0,0,0,93.8,315,298,0,0,0,10,7,5,0,3,18,8,1,7,1,0,0,0,0,0
Calabria,Milan,Defender,315,4,0,0,38.5,0,0,0,1,0,1,0,0,0,0,0,0,0,0,76.3,120,91,25,8,2,6,2,3,0,0,23,0,0,0,11,0,0,0,0,0
Orbán,Leipzig,Defender,315,4,0,0,35.6,0,0,0,0,0,0,0,0,0,0,0,0,0,0,92.0,194,176,0,0,0,6,4,3,0,1,25,5,4,1,10,0,0,0,0,0
Lovren,Zenit,Defender,315,4,0,0,34.7,0,0,0,1,0,1,0,0,0,0,0,0,0,0,88.8,159,141,50,2,1,5,2,0,0,2,19,1,1,0,19,0,0,0,0,0
Dahlin,Malmö,Goalkeeper,315,4,0,0,14.2,0,0,0,0,0,0,0,0,0,0,0,0,0,0,53.0,98,52,0,0,0,13,1,0,0,1,0,0,0,0,0,19,8,1,0,3
Evanilson,Porto,Forward,313,4,0,0,34.9,0,0,0,4,1,2,1,0,0,0,0,0,0,0,79.5,72,58,0,1,0,0,9,15,0,0,4,6,2,4,3,0,0,0,0,0
Welinton,Beşiktaş,Defender,313,4,0,0,33,0,0,0,0,0,0,0,0,0,0,0,0,0,0,81.5,183,158,0,4,0,7,6,1,1,1,31,13,4,9,11,0,0,0,0,0
Bruno,Sheriff,Midfielder,312,6,0,0,38.5,0,0,0,3,1,1,1,0,0,0,0,0,0,0,76.2,82,63,50,6,3,2,7,5,0,0,10,2,2,0,6,0,0,0,0,0
Moreno,Villarreal,Defender,309,7,1,0,41.7,0,0,0,3,2,1,0,0,1,0,0,1,0,0,82.3,135,110,100,2,2,2,5,3,0,2,8,4,0,4,6,0,0,0,0,0
Montero,Beşiktaş,Defender,306,4,1,0,34.6,0,0,0,1,1,0,0,0,0,1,0,1,0,0,85.8,168,147,0,0,0,8,4,3,0,2,27,12,6,6,11,0,0,0,0,0
Vrsaljko,Atlético,Defender,304,5,0,0,36.9,0,0,0,2,1,1,0,0,0,0,0,0,0,0,65.6,80,55,20,5,1,1,12,2,0,1,23,6,3,3,8,0,0,0,0,0
Greenwood,Man. United,Forward,304,4,1,1,38.1,0,3,6,2,2,0,0,0,1,0,0,1,0,0,85.8,143,123,40,5,2,0,3,3,0,1,3,0,0,0,1,0,0,0,0,0
Azmoun,Zenit,Forward,303,5,2,1,30.3,0,1,2,8,6,1,1,2,0,0,0,2,0,0,53.6,56,38,50,2,1,0,3,1,0,0,7,3,0,3,4,0,0,0,0,0
Malinovskyi,Atalanta,Midfielder,301,5,1,0,38.5,0,0,0,11,4,3,4,0,1,0,0,0,1,0,82.2,143,114,41,31,13,6,6,9,0,0,4,6,2,4,2,0,0,0,0,0
Sérgio Oliveira,Porto,Midfielder,300,6,1,0,39.7,0,0,0,2,1,1,0,1,0,0,0,1,0,1,77.0,127,96,45,20,9,13,5,1,0,1,14,7,2,5,6,0,0,0,0,0
Karavaev,Zenit,Defender,299,4,0,1,38.3,0,0,4,3,0,2,1,0,0,0,0,0,0,0,85.5,115,99,16,6,1,1,2,0,0,1,9,2,1,1,5,0,0,0,0,0
Sowah,Club Brugge,Forward,298,5,0,0,38.4,0,0,0,6,0,3,3,0,0,0,0,0,0,0,67.2,110,77,7,14,1,0,5,2,0,0,11,7,1,6,4,0,0,0,0,0
Ikoné,LOSC,Midfielder,297,5,1,2,35.3,0,1,15,11,4,2,5,1,0,0,0,1,0,0,73.6,97,75,0,0,0,1,6,2,0,4,9,0,0,0,1,0,0,0,0,0
Simakan,Leipzig,Defender,297,4,0,0,32,0,0,0,1,0,1,0,0,0,0,0,0,0,0,92.0,158,142,100,1,1,7,6,3,0,2,22,5,2,3,8,0,0,0,0,0
Lukebakio,Wolfsburg,Forward,296,6,0,0,35.9,0,0,0,3,0,1,2,0,0,0,0,0,0,0,79.3,70,53,50,2,1,0,2,4,0,0,5,3,2,1,0,0,0,0,0,0
Rafael Leão,Milan,Forward,294,4,1,1,32.4,0,3,16,1,1,0,0,1,0,0,0,1,0,0,73.5,57,42,27,11,3,0,4,2,0,1,6,5,1,4,3,0,0,0,0,0
Sutormin,Zenit,Midfielder,293,4,1,0,34.3,0,0,0,2,2,0,0,0,1,0,0,0,1,0,89.5,160,145,33,6,2,4,1,1,0,0,5,1,0,1,3,0,0,0,0,0
Alex Telles,Man. United,Defender,293,4,1,0,33.5,0,0,0,1,1,0,0,0,1,0,0,0,1,0,88.0,179,164,21,33,7,12,2,6,0,2,13,3,0,3,4,0,0,0,0,0
Bernardeschi,Juventus,Midfielder,292,5,0,2,36.3,7,1,7,7,5,1,1,0,0,0,0,0,0,0,87.2,131,111,38,18,7,7,2,4,0,0,10,2,1,1,2,0,0,0,0,0
Adams,Leipzig,Midfielder,292,5,0,0,38.9,0,0,0,0,0,0,0,0,0,0,0,0,0,0,89.4,166,146,0,1,0,0,6,2,0,4,8,8,5,3,2,0,0,0,0,0
Hudson0Odoi,Chelsea,Midfielder,289,5,1,2,32.3,1,1,15,7,3,0,4,0,1,0,0,1,0,0,90.2,149,134,40,10,4,0,4,3,0,1,7,2,0,2,0,0,0,0,0,0
Uribe,Porto,Midfielder,289,4,0,0,36.8,0,0,0,3,0,2,1,0,0,0,0,0,0,0,83.5,112,96,0,1,0,2,6,1,0,3,28,12,4,8,1,0,0,0,0,0
De Sciglio,Juventus,Defender,286,4,0,1,33.3,0,0,4,0,0,0,0,0,0,0,0,0,0,0,85.3,144,126,30,23,7,0,5,2,0,0,24,5,5,0,4,0,0,0,0,0
M. Olsson,Malmö,Defender,284,6,0,0,34.5,0,0,0,1,1,0,0,0,0,0,0,0,0,0,72.8,105,82,12,8,1,5,3,3,0,0,8,1,0,1,17,0,0,0,0,0
Dimarco,Inter,Defender,283,7,0,0,36.3,0,0,0,6,2,2,2,0,0,0,0,0,0,0,89.3,158,138,29,37,11,10,3,2,0,1,12,2,2,0,7,0,0,0,0,0
Capaldo,Salzburg,Midfielder,281,7,0,0,36.9,0,0,0,1,0,0,1,0,0,0,0,0,0,0,66.6,112,78,25,8,2,4,15,8,0,3,28,14,5,9,5,0,0,0,0,0
Peña,Malmö,Midfielder,281,5,0,0,32.5,0,0,0,4,2,1,1,0,0,0,0,0,0,0,80.4,170,138,20,5,1,6,3,3,0,1,12,11,4,7,2,0,0,0,0,0
Dzyuba,Zenit,Forward,277,6,0,1,31.2,0,2,1,6,1,3,2,0,0,0,0,0,0,0,65.8,61,39,0,0,0,0,1,3,0,0,4,1,0,1,8,0,0,0,0,0
Rakitić,Sevilla,Midfielder,276,5,2,1,36.4,7,0,0,7,3,2,2,2,0,0,0,2,0,2,77.6,148,124,21,14,3,14,6,3,0,1,11,5,1,4,1,0,0,0,0,0
Larsson,Malmö,Defender,275,4,0,0,32,0,0,0,1,0,1,0,0,0,0,0,0,0,0,67.3,86,67,60,5,3,6,5,8,0,2,13,0,0,0,6,0,0,0,0,0
Chukwueze,Villarreal,Midfielder,273,9,2,0,37,0,0,0,3,2,1,0,0,2,0,0,2,0,0,62.3,50,37,0,2,0,1,6,2,0,0,5,1,0,1,2,0,0,0,0,0
Rakip,Malmö,Midfielder,273,6,0,0,35.9,0,0,0,3,1,2,0,0,0,0,0,0,0,0,72.2,67,48,50,2,1,4,12,6,0,1,4,6,3,3,1,0,0,0,0,0
Rieder,Young Boys,Midfielder,272,6,1,1,38.7,6,0,2,6,2,1,3,1,0,0,0,0,1,0,69.7,98,69,11,9,1,3,6,1,0,0,14,8,4,4,3,0,0,0,0,0
Rafa Mir,Sevilla,Forward,271,6,1,1,36.4,0,0,1,10,4,5,1,1,0,0,0,1,0,0,58.8,46,29,50,2,1,0,3,1,0,1,3,0,0,0,3,0,0,0,0,0
Kampl,Leipzig,Midfielder,270,3,0,0,35.8,0,0,0,1,0,1,0,0,0,0,0,0,0,0,90.7,180,165,33,3,1,2,5,2,0,1,15,8,4,4,2,0,0,0,0,0
Verissimo,Benfica,Defender,270,3,0,0,30.2,0,0,0,2,0,2,0,0,0,0,0,0,0,0,83.0,111,93,0,0,0,6,2,1,0,1,23,2,1,1,11,0,0,0,0,0
N0Sakala,Beşiktaş,Defender,270,3,0,0,30.1,0,0,0,1,0,0,1,0,0,0,0,0,0,0,81.3,161,134,41,12,5,0,0,0,0,0,14,7,3,4,5,0,0,0,0,0
Kjær,Milan,Defender,270,3,0,0,28.6,0,0,0,2,1,1,0,0,0,0,0,0,0,0,88.7,134,119,0,0,0,4,2,1,0,0,16,4,2,2,18,0,0,0,0,0
Faivre,Young Boys,Goalkeeper,270,3,0,0,20.5,0,0,0,0,0,0,0,0,0,0,0,0,0,0,82.3,122,100,0,0,0,2,0,0,0,0,0,0,0,0,0,12,6,0,0,1
Tătăruşanu,Milan,Goalkeeper,270,3,0,0,18.6,0,0,0,0,0,0,0,0,0,0,0,0,0,0,90.3,93,83,0,0,0,6,0,0,0,0,0,0,0,0,0,8,2,0,1,2
Maignan,Milan,Goalkeeper,270,3,0,0,18.3,0,0,0,0,0,0,0,0,0,0,0,0,0,0,72.0,114,83,0,0,0,11,0,0,0,0,0,0,0,0,0,14,7,1,0,1
Trubin,Shakhtar Donetsk,Goalkeeper,270,3,0,0,15.5,0,0,0,0,0,0,0,0,0,0,0,0,0,0,83.0,94,78,0,0,0,5,0,0,0,0,0,0,0,0,0,18,9,0,0,0
Navas,Paris,Goalkeeper,270,3,0,0,13.7,0,0,0,0,0,0,0,0,0,0,0,0,0,0,85.3,101,86,0,0,0,9,0,0,0,0,0,0,0,0,0,11,5,0,0,3
Von Ballmoos,Young Boys,Goalkeeper,270,3,0,0,12.2,0,0,0,0,0,0,0,0,0,0,0,0,0,0,73.0,85,59,0,0,0,5,0,0,0,0,0,0,0,0,0,9,6,0,0,1
Fassnacht,Young Boys,Midfielder,269,3,0,0,23.3,0,0,0,8,3,4,1,0,0,0,0,0,0,0,85.7,86,73,16,6,1,1,2,0,0,1,9,0,0,0,2,0,0,0,0,0
Alan Patrick,Shakhtar Donetsk,Midfielder,268,4,0,1,37.1,4,0,5,6,1,1,4,0,0,0,0,0,0,0,81.3,153,127,50,4,2,4,6,6,0,0,10,2,0,2,1,0,0,0,0,0
Pyatov,Shakhtar Donetsk,Goalkeeper,266,3,0,0,14.2,0,0,0,0,0,0,0,0,0,0,0,0,0,0,91.3,83,75,0,0,0,3,0,0,0,0,0,0,0,0,0,5,2,0,2,4
Arthur,Juventus,Midfielder,264,6,0,0,35.2,0,0,0,2,0,2,0,0,0,0,0,0,0,0,94.0,293,278,50,2,1,7,4,4,0,1,14,3,2,1,1,0,0,0,0,0
Kenan Karaman,Beşiktaş,Forward,264,5,0,0,33.7,0,0,0,2,0,0,2,0,0,0,0,0,0,0,65.0,74,56,0,1,0,0,4,2,0,0,7,2,2,0,1,0,0,0,0,0
Wijnaldum,Paris,Midfielder,261,5,2,0,31.6,0,0,0,4,4,0,0,0,1,1,0,2,0,0,93.4,97,89,0,0,0,3,4,5,0,0,5,4,0,4,1,0,0,0,0,0
Giroud,Milan,Forward,261,5,0,0,29,0,0,0,5,3,2,0,0,0,0,0,0,0,0,75.6,48,36,0,3,0,0,5,2,0,2,4,2,1,1,3,0,0,0,0,0
Pjanic,Beşiktaş,Midfielder,261,3,0,2,32.7,9,0,4,3,0,3,0,0,0,0,0,0,0,0,83.3,216,182,60,10,6,19,2,6,0,1,16,2,1,1,2,0,0,0,0,0
Mehmet Topal,Beşiktaş,Midfielder,261,3,0,0,29.6,0,0,0,3,0,0,3,0,0,0,0,0,0,0,86.3,81,70,0,0,0,1,1,1,0,0,14,1,1,0,3,0,0,0,0,0
Di María,Paris,Forward,260,5,0,1,32.1,8,1,3,8,2,4,2,0,0,0,0,0,0,0,69.6,154,135,28,7,2,4,4,2,0,0,12,6,4,2,2,0,0,0,0,0
Djimsiti,Atalanta,Defender,260,5,0,0,31.5,0,0,0,0,0,0,0,0,0,0,0,0,0,0,83.0,191,160,100,1,1,6,3,1,0,0,31,5,4,1,8,0,0,0,0,0
Dia,Villarreal,Forward,258,8,1,0,33.3,0,0,0,5,2,1,2,1,0,0,0,1,0,0,54.4,46,35,0,0,0,1,3,3,0,0,3,2,2,0,3,0,0,0,0,0
Steffen,Wolfsburg,Midfielder,258,5,2,0,31.1,0,0,0,5,2,2,1,0,2,0,0,2,0,0,74.8,84,66,50,2,1,0,5,4,0,2,6,3,2,1,6,0,0,0,0,0
Onana,LOSC,Midfielder,257,8,0,0,34.9,0,0,0,2,0,1,1,0,0,0,0,0,0,0,82.8,95,76,0,0,0,1,1,3,0,0,17,7,6,1,3,0,0,0,0,0
Rashford,Man. United,Forward,257,5,1,0,29.5,0,0,0,10,2,5,3,1,0,0,0,1,0,0,78.4,110,91,20,5,1,1,3,4,0,1,3,1,1,0,0,0,0,0,0,0
Kuzyaev,Zenit,Midfielder,257,4,1,0,31.7,0,0,0,3,1,1,1,0,0,1,0,1,0,0,90.0,79,71,66,3,2,0,3,4,0,0,10,1,0,1,5,0,0,0,0,0
Marcos Antônio,Shakhtar Donetsk,Midfielder,256,5,0,0,36.1,0,0,0,1,0,0,1,0,0,0,0,0,0,0,94.4,234,224,0,0,0,5,3,3,0,1,8,4,1,3,1,0,0,0,0,0
Dybala,Juventus,Forward,255,5,3,1,30.6,2,0,8,12,5,7,0,0,3,0,0,3,0,2,87.0,178,156,11,9,1,3,2,6,0,0,7,2,1,1,0,0,0,0,0,0
Weah,LOSC,Forward,255,5,0,0,29.4,0,0,0,5,0,2,3,0,0,0,0,0,0,0,81.0,66,51,25,4,1,0,2,2,0,0,5,1,1,0,3,0,0,0,0,0
Meraş,Beşiktaş,Defender,253,3,0,0,29.9,0,0,0,0,0,0,0,0,0,0,0,0,0,0,80.7,88,71,50,2,1,2,1,2,0,0,12,1,0,1,8,0,0,0,0,0
Krunić,Milan,Midfielder,252,4,0,0,30.6,0,0,0,2,0,2,0,0,0,0,0,0,0,0,88.5,90,77,0,0,0,1,3,8,0,0,11,3,2,1,1,0,0,0,0,0
Iličić,Atalanta,Midfielder,249,4,1,1,29.3,2,2,13,3,1,0,2,0,1,0,0,1,0,0,78.0,130,101,57,7,4,8,1,11,0,0,2,4,1,3,0,0,0,0,0,0
Nico González,Barcelona,Midfielder,247,4,0,0,33.6,0,0,0,3,0,0,3,0,0,0,0,0,0,0,90.0,143,129,0,0,0,1,6,3,0,1,12,6,3,3,1,0,0,0,0,0
Eric García,Barcelona,Defender,247,4,0,0,29.7,0,0,0,2,0,1,1,0,0,0,0,0,0,0,97.5,203,197,0,0,0,1,6,1,1,3,14,3,1,2,4,0,0,0,0,0
Werner,Chelsea,Forward,246,5,4,2,29.8,0,1,10,10,5,0,5,4,0,0,0,4,0,0,77.6,71,58,0,3,0,0,0,0,0,0,8,0,0,0,0,0,0,0,0,0
Gudmundsson,LOSC,Defender,243,4,0,0,29.1,0,0,0,2,0,1,1,0,0,0,0,0,0,0,70.0,76,53,0,9,0,2,2,7,0,1,10,2,2,0,4,0,0,0,0,0
Sierro,Young Boys,Midfielder,240,5,1,0,28.5,0,0,0,5,3,1,1,0,1,0,0,1,0,0,72.4,114,86,60,5,3,4,5,0,0,2,10,1,0,1,7,0,0,0,0,0
André Almeida,Benfica,Defender,236,5,0,0,29.6,0,0,0,0,0,0,0,0,0,0,0,0,0,0,86.4,103,82,33,3,1,7,2,5,0,0,15,6,2,4,8,0,0,0,0,0
Šeško,Salzburg,Forward,234,6,0,0,32.1,0,0,0,6,3,3,0,0,0,0,0,0,0,0,67.3,58,40,100,1,1,1,4,0,0,0,6,0,0,0,1,0,0,0,0,0
Tolisso,Bayern,Midfielder,234,4,0,1,31.3,0,0,0,4,2,2,0,0,0,0,0,0,0,0,86.8,197,178,0,2,0,6,5,3,0,0,15,3,2,1,2,0,0,0,0,0
Dalot,Man. United,Defender,233,3,0,0,21,0,0,0,4,1,2,1,0,0,0,0,0,0,0,80.3,135,115,33,6,2,2,5,0,0,1,9,2,0,2,10,0,0,0,0,0
Klaassen,Ajax,Midfielder,232,7,1,1,33.6,0,0,0,1,1,0,0,1,0,0,0,1,0,0,76.7,108,94,50,2,1,0,5,2,0,0,10,3,1,2,2,0,0,0,0,0
Adamu,Salzburg,Forward,231,8,1,0,32.6,0,0,0,4,2,0,2,1,0,0,0,1,0,0,60.4,59,32,0,1,0,0,10,2,0,0,6,8,2,6,0,0,0,0,0,0
Dest,Barcelona,Defender,230,4,0,0,30.2,0,0,0,3,1,1,1,0,0,0,0,0,0,0,85.5,109,95,0,8,0,1,3,3,0,1,11,3,3,0,0,0,0,0,0,0
Suso,Sevilla,Forward,228,4,0,0,25.2,0,0,0,8,2,5,1,0,0,0,0,0,0,0,82.0,99,81,23,17,4,2,5,6,0,1,4,1,0,1,0,0,0,0,0,0
Herrera,Atlético,Midfielder,226,4,0,0,30.1,0,0,0,1,0,1,0,0,0,0,0,0,0,0,82.3,121,102,0,6,0,6,6,2,0,2,20,4,1,3,1,0,0,0,0,0
Stepanenko,Shakhtar Donetsk,Midfielder,225,4,0,0,30.6,0,0,0,1,0,1,0,0,0,0,0,0,0,0,94.3,146,137,0,1,0,4,7,0,0,0,8,4,1,3,3,0,0,0,0,0
Diawara,Malmö,Goalkeeper,225,3,0,0,11.1,0,0,0,0,0,0,0,0,0,0,0,0,0,0,61.3,66,48,0,0,0,4,0,0,0,0,0,0,0,0,0,13,6,0,0,1
Moi Gómez,Villarreal,Midfielder,222,6,0,1,32,0,0,4,4,2,0,2,0,0,0,0,0,0,0,83.2,83,62,25,4,1,0,3,0,0,0,5,3,2,1,4,0,0,0,0,0
Rieks,Malmö,Midfielder,222,3,1,0,27.8,0,0,0,3,1,2,0,1,0,0,0,1,0,0,79.3,68,55,0,1,0,1,1,1,0,1,4,4,2,2,8,0,0,0,0,0
Pašalić,Atalanta,Midfielder,220,5,1,1,30,0,0,2,3,1,2,0,0,1,0,0,1,0,0,79.6,71,57,0,1,0,1,2,1,0,1,7,1,1,0,2,0,0,0,0,0
Trippier,Atlético,Defender,220,3,0,0,27,0,0,0,0,0,0,0,0,0,0,0,0,0,0,73.3,95,70,20,5,1,2,1,4,0,0,7,3,3,0,1,0,0,0,0,0
Mingueza,Barcelona,Defender,219,5,0,0,27.2,0,0,0,0,0,0,0,0,0,0,0,0,0,0,89.0,140,119,18,11,2,7,7,1,0,0,11,2,1,1,0,0,0,0,0,0
Bozdoğan,Beşiktaş,Midfielder,219,4,0,0,28.3,0,0,0,2,0,2,0,0,0,0,0,0,0,0,74.8,52,39,100,1,1,1,4,7,0,1,4,1,1,0,0,0,0,0,0,0
Nuno Santos,Sporting CP,Forward,218,7,1,0,28.9,0,0,0,2,1,1,0,0,1,0,0,1,0,0,60.1,72,49,11,9,1,1,1,2,0,0,0,0,0,0,0,0,0,0,0,0
Vitinha,Porto,Midfielder,218,6,0,0,31.1,0,0,0,4,1,0,3,0,0,0,0,0,0,0,89.8,142,127,0,11,0,6,3,0,0,2,12,4,0,4,1,0,0,0,0,0
Kalulu,Milan,Defender,216,5,0,1,26.6,0,0,1,2,1,1,0,0,0,0,0,0,0,0,68.8,79,57,50,6,3,2,3,0,0,1,10,5,3,2,1,0,0,0,0,0
Dahoud,Dortmund,Midfielder,212,4,0,2,28.2,7,1,3,6,1,1,4,0,0,0,0,0,0,0,86.0,141,117,60,5,3,2,2,2,0,0,11,1,0,1,0,0,0,0,0,0
Corona,Porto,Forward,212,4,0,0,28,0,0,0,0,0,0,0,0,0,0,0,0,0,0,77.0,76,55,28,7,2,2,3,4,0,1,9,4,0,4,5,0,0,0,0,0
Nianzou,Bayern,Midfielder,212,4,0,0,25.4,0,0,0,0,0,0,0,0,0,0,0,0,0,0,94.5,199,192,0,0,0,5,6,2,0,1,16,4,2,2,1,0,0,0,0,0
Pessina,Atalanta,Midfielder,211,4,1,0,29.4,0,0,0,2,2,0,0,0,1,0,0,1,0,0,74.3,100,78,33,3,1,1,2,3,0,0,11,1,1,0,1,0,0,0,0,0
Koopmeiners,Atalanta,Midfielder,210,5,0,1,28.9,8,0,1,4,0,1,3,0,0,0,0,0,0,0,57.8,135,106,25,12,3,4,3,3,0,0,7,4,1,3,3,0,0,0,0,0
Szoboszlai,Leipzig,Midfielder,209,4,2,0,26.9,0,0,0,4,2,2,0,1,1,0,0,2,0,1,79.8,105,85,44,9,4,5,1,3,0,0,4,0,0,0,2,0,0,0,0,0
Marlos,Shakhtar Donetsk,Midfielder,206,6,0,0,25.4,0,0,0,3,2,1,0,0,0,0,0,0,0,0,91.2,126,110,50,4,2,2,0,0,0,0,4,1,1,0,1,0,0,0,0,0
Ugarte,Sporting CP,Midfielder,205,4,0,0,29.6,0,0,0,0,0,0,0,0,0,0,0,0,0,0,84.0,74,65,50,2,1,3,7,8,0,1,7,7,3,4,1,0,0,0,0,0
Yakhshiboev,Sheriff,Forward,205,3,1,0,27.9,0,0,0,4,2,1,1,0,0,1,0,1,0,0,52.7,37,22,0,1,0,0,5,0,0,0,3,4,0,4,1,0,0,0,0,0
Munir,Sevilla,Forward,204,4,0,0,26.4,0,0,0,5,0,2,3,0,0,0,0,0,0,0,80.5,49,41,100,1,1,1,3,6,0,0,1,1,0,1,0,0,0,0,0,0
Van de Beek,Man. United,Midfielder,204,4,0,0,23.5,0,0,0,1,1,0,0,0,0,0,0,0,0,0,82.3,117,102,0,0,0,1,4,2,0,1,11,8,3,5,3,0,0,0,0,0
Bornauw,Wolfsburg,Defender,204,3,0,0,22.3,0,0,0,2,0,2,0,0,0,0,0,0,0,0,75.3,86,68,0,0,0,2,3,0,0,1,15,1,1,0,10,0,0,0,0,0
Neres,Ajax,Forward,203,5,1,0,24,0,0,0,6,3,1,2,0,1,0,0,1,0,0,88.0,104,91,57,7,4,0,3,0,0,0,3,0,0,0,0,0,0,0,0,0
Haaland,Dortmund,Forward,203,3,3,0,22.3,0,0,0,12,7,5,0,0,1,2,0,3,0,0,46.7,50,27,0,1,0,0,2,2,0,0,5,0,0,0,4,0,0,0,0,0
Bruno Tabata,Sporting CP,Midfielder,201,4,1,1,28.3,2,0,2,4,1,1,2,0,1,0,0,1,0,0,74.0,76,58,20,5,1,4,5,2,0,1,3,5,0,5,2,0,0,0,0,0
Delaney,Sevilla,Midfielder,200,4,0,0,28.1,0,0,0,1,0,0,1,0,0,0,0,0,0,0,70.5,76,61,0,0,0,1,4,2,0,2,9,4,2,2,3,0,0,0,0,0
Darmian,Inter,Defender,196,5,0,0,25.1,0,0,0,2,0,1,1,0,0,0,0,0,0,0,62.0,57,41,20,5,1,1,1,2,0,1,3,2,1,1,2,0,0,0,0,0
Schulz,Dortmund,Defender,195,4,0,1,24.5,0,0,2,0,0,0,0,0,0,0,0,0,0,0,83.5,129,110,100,3,3,1,2,0,0,0,10,2,0,2,0,0,0,0,0,0
Matić,Man. United,Midfielder,194,8,0,0,24.6,0,0,0,1,0,1,0,0,0,0,0,0,0,0,81.1,152,132,0,1,0,6,2,4,0,2,13,1,1,0,6,0,0,0,0,0
Gerhardt,Wolfsburg,Midfielder,192,5,0,1,25.8,0,0,0,1,0,0,1,0,0,0,0,0,0,0,63.0,61,44,66,3,2,0,2,4,0,0,5,2,2,0,0,0,0,0,0,0
Kryvtsov,Shakhtar Donetsk,Defender,192,3,0,1,23.5,0,0,0,0,0,0,0,0,0,0,0,0,0,0,92.0,167,153,0,0,0,4,1,0,0,0,9,0,0,0,11,0,0,0,0,0
Necip Uysal,Beşiktaş,Midfielder,189,3,0,0,19.8,0,0,0,0,0,0,0,0,0,0,0,0,0,0,68.0,55,37,50,2,1,4,2,1,0,0,5,4,2,2,3,0,0,0,0,0
Chilwell,Chelsea,Defender,188,4,0,0,23.3,0,0,0,8,1,6,1,0,0,0,0,0,0,0,82.3,87,71,26,15,4,1,2,1,0,0,5,1,0,1,1,0,0,0,0,0
Moisander,Malmö,Defender,187,3,0,0,22,0,0,0,0,0,0,0,0,0,0,0,0,0,0,60.0,86,77,0,0,0,4,1,1,0,1,16,4,3,1,1,0,0,0,0,0
Montiel,Sevilla,Defender,186,4,0,0,24.9,0,0,0,1,1,0,0,0,0,0,0,0,0,0,75.3,123,103,18,11,2,0,1,2,0,1,12,8,3,5,1,0,0,0,0,0
Alex Teixeira,Beşiktaş,Midfielder,184,3,0,0,18.6,0,0,0,1,0,1,0,0,0,0,0,0,0,0,86.7,50,44,0,0,0,0,2,4,0,1,7,2,2,0,0,0,0,0,0,0
Haidara,Leipzig,Midfielder,182,4,0,0,24.4,0,0,0,1,0,1,0,0,0,0,0,0,0,0,86.0,123,106,0,0,0,3,3,1,0,0,14,8,5,3,1,0,0,0,0,0
Guerreiro,Dortmund,Defender,182,3,0,0,23.1,0,0,0,2,0,1,1,0,0,0,0,0,0,0,84.3,129,111,0,4,0,4,0,0,0,0,8,1,0,1,2,0,0,0,0,0
Vlahović,Juventus,Forward,180,2,1,0,20.9,0,0,0,5,4,1,0,1,0,0,0,1,0,0,77.0,29,22,0,1,0,0,0,0,0,0,0,0,0,0,0,0,0,0,0,0
Morato,Benfica,Defender,180,2,1,0,19.6,0,0,0,1,1,0,0,0,0,1,0,1,0,0,88.5,134,121,0,0,0,2,1,0,0,0,10,2,1,1,5,0,0,0,0,0
Bürgy,Young Boys,Defender,180,2,0,0,21.4,0,0,0,1,1,0,0,0,0,0,0,0,0,0,90.0,130,117,0,0,0,5,1,4,0,0,13,0,0,0,5,0,0,0,0,0
Vida,Beşiktaş,Defender,180,2,0,0,19.1,0,0,0,0,0,0,0,0,0,0,0,0,0,0,90.0,99,90,0,0,0,4,4,4,0,1,16,1,1,0,2,0,0,0,0,0
Bailly,Man. United,Defender,180,2,0,0,18.8,0,0,0,0,0,0,0,0,0,0,0,0,0,0,91.5,107,98,0,0,0,1,2,2,0,0,11,2,1,1,11,0,0,0,0,0
Leo Jardim,LOSC,Goalkeeper,180,2,0,0,11.1,0,0,0,0,0,0,0,0,0,0,0,0,0,0,70.5,37,26,0,0,0,2,0,0,0,0,0,0,0,0,0,4,4,0,0,0
M. Kerzhakov,Zenit,Goalkeeper,180,2,0,0,10.6,0,0,0,0,0,0,0,0,0,0,0,0,0,0,84.0,33,27,0,0,0,1,0,0,0,0,0,0,0,0,0,5,4,0,0,0
Onana,Ajax,Goalkeeper,180,2,0,0,8.4,0,0,0,0,0,0,0,0,0,0,0,0,0,0,88.0,56,49,0,0,0,4,0,0,0,0,0,0,0,0,0,2,2,0,0,0
Mudryk,Shakhtar Donetsk,Midfielder,179,6,0,0,24.2,0,0,0,4,4,0,0,0,0,0,0,0,0,0,86.5,69,54,9,11,1,0,3,4,0,1,7,3,1,2,3,0,0,0,0,0
L. de Jong,Barcelona,Forward,179,3,0,0,22.3,0,0,0,6,1,5,0,0,0,0,0,0,0,0,83.0,35,29,0,0,0,0,1,1,0,0,1,0,0,0,0,0,0,0,0,0
Rugani,Juventus,Defender,177,4,0,0,21.7,0,0,0,1,1,0,0,0,0,0,0,0,0,0,96.8,130,122,0,0,0,0,3,1,0,0,15,2,1,1,4,0,0,0,0,0
Chalobah,Chelsea,Defender,175,3,1,0,20.4,0,0,0,3,1,2,0,1,0,0,0,1,0,0,85.7,106,92,0,1,0,5,3,0,0,1,7,1,0,1,4,0,0,0,0,0
Elanga,Man. United,Forward,172,3,1,0,23,0,0,0,4,3,1,0,1,0,0,0,1,0,0,61.3,47,31,0,1,0,1,3,2,0,0,3,0,0,0,1,0,0,0,0,0
Paulo Otávio,Wolfsburg,Defender,171,4,0,0,20.2,0,0,0,0,0,0,0,0,0,0,0,0,0,0,66.3,72,48,0,8,0,0,2,6,0,0,15,3,2,1,7,0,0,0,0,0
Wolf,Dortmund,Midfielder,170,5,0,0,24.3,0,0,0,3,1,1,1,0,0,0,0,0,0,0,65.2,66,50,25,8,2,0,3,0,0,0,3,5,0,5,3,0,0,0,0,0
Pongračić,Dortmund,Defender,170,5,0,0,20.6,0,0,0,0,0,0,0,0,0,0,0,0,0,0,89.8,89,78,0,0,0,4,1,0,0,0,9,2,2,0,2,0,0,0,0,0
Sergi Roberto,Barcelona,Midfielder,169,3,0,0,22,0,0,0,2,0,1,1,0,0,0,0,0,0,0,80.0,77,62,0,5,0,0,0,0,0,0,4,2,1,1,3,0,0,0,0,0
Kean,Juventus,Forward,168,6,1,0,20.6,0,0,0,9,4,4,1,0,0,1,0,1,0,0,57.2,44,29,0,0,0,0,5,0,0,0,2,0,0,0,1,0,0,0,0,0
Gomes,LOSC,Midfielder,168,4,1,1,19.7,0,1,3,3,1,2,0,1,0,0,0,1,0,0,76.5,54,40,50,2,1,0,1,4,0,0,5,2,0,2,1,0,0,0,0,0
Óliver Torres,Sevilla,Midfielder,168,4,0,0,25.8,0,0,0,1,1,0,0,0,0,0,0,0,0,0,79.5,122,105,20,5,1,2,0,0,0,0,4,0,0,0,0,0,0,0,0,0
Lefort,Young Boys,Defender,167,3,0,0,21.1,0,0,0,1,0,1,0,0,0,0,0,0,0,0,70.7,95,65,50,4,2,2,6,0,0,0,8,5,5,0,8,0,0,0,0,0
Diallo,Paris,Defender,165,2,0,0,17.9,0,0,0,0,0,0,0,0,0,0,0,0,0,0,85.5,117,103,0,0,0,1,4,0,0,0,15,1,0,1,10,0,0,0,0,0
Ricca,Club Brugge,Defender,164,4,0,0,21.9,0,0,0,3,0,3,0,0,0,0,0,0,0,0,75.3,61,47,25,4,1,1,0,0,0,0,12,0,0,0,11,0,0,0,0,0
Tiago Tomás,Sporting CP,Forward,162,5,0,0,22.1,0,0,0,4,1,3,0,0,0,0,0,0,0,0,56.8,27,20,33,3,1,0,3,4,0,1,2,5,1,4,0,0,0,0,0,0
Van Der Brempt,Club Brugge,Defender,162,5,0,0,21.5,0,0,0,0,0,0,0,0,0,0,0,0,0,0,68.8,58,40,28,7,2,2,5,4,0,0,11,5,3,2,2,0,0,0,0,0
Tymchyk,Dynamo Kyiv,Defender,160,4,0,0,22,0,0,0,1,1,0,0,0,0,0,0,0,0,0,75.8,94,75,0,3,0,2,2,3,0,1,10,1,0,1,1,0,0,0,0,0
Ibrahimović,Milan,Forward,160,4,0,0,16.4,0,0,0,3,0,2,1,0,0,0,0,0,0,0,86.8,49,40,100,1,1,2,1,2,0,1,0,0,0,0,0,0,0,0,0,0
Saúl Ñíguez,Chelsea,Midfielder,159,5,0,0,23,0,0,0,5,2,3,0,0,0,0,0,0,0,0,77.8,92,79,0,9,0,0,3,1,0,0,8,4,4,0,5,0,0,0,0,0
Pedri,Barcelona,Midfielder,158,2,0,0,20.7,0,0,0,1,0,1,0,0,0,0,0,0,0,0,87.0,103,90,0,1,0,2,2,1,0,0,8,2,0,2,0,0,0,0,0,0
Pizzi,Benfica,Midfielder,157,6,0,0,21.2,0,0,0,3,1,0,2,0,0,0,0,0,0,0,61.0,61,43,16,6,1,5,0,0,0,0,0,0,0,0,0,0,0,0,0,0
Vormer,Club Brugge,Midfielder,156,4,0,1,20.9,6,1,0,2,0,1,1,0,0,0,0,0,0,0,83.0,80,68,20,10,2,5,3,0,0,0,3,4,2,2,1,0,0,0,0,0
Hutchinson,Beşiktaş,Midfielder,156,4,0,0,19.9,0,0,0,4,2,2,0,0,0,0,0,0,0,0,88.5,90,77,50,2,1,3,2,3,0,1,5,1,1,0,0,0,0,0,0,0
Yansané,Sheriff,Forward,156,3,1,0,21.6,0,0,0,3,2,1,0,0,0,1,0,1,0,0,72.3,37,31,0,0,0,0,1,2,0,0,5,0,0,0,1,0,0,0,0,0
Alexis Sánchez,Inter,Forward,155,6,1,1,19,0,3,2,2,1,1,0,1,0,0,0,1,0,0,80.0,67,54,0,0,0,0,2,2,1,2,4,6,2,4,0,0,0,0,0,0
Meite,Benfica,Midfielder,155,3,0,0,19.9,0,0,0,1,0,1,0,0,0,0,0,0,0,0,84.0,41,35,0,0,0,3,1,7,0,0,9,0,0,0,3,0,0,0,0,0
Fábio Cardoso,Porto,Defender,155,2,0,0,18.7,0,0,0,1,0,1,0,0,0,0,0,0,0,0,94.0,39,36,0,0,0,2,0,0,0,0,3,0,0,0,9,0,0,0,0,0
Karavaev,Dynamo Kyiv,Defender,154,6,0,0,21.6,0,0,0,3,0,1,2,0,0,0,0,0,0,0,70.5,57,44,25,4,1,3,1,3,0,0,4,1,0,1,4,0,0,0,0,0
Fati,Barcelona,Forward,154,3,1,0,19.7,0,0,0,4,1,1,2,1,0,0,0,1,0,0,86.7,74,64,50,2,1,1,6,2,0,0,2,1,1,0,0,0,0,0,0,0
Mostovoy,Zenit,Midfielder,150,5,0,0,20.9,0,0,0,2,1,1,0,0,0,0,0,0,0,0,81.2,49,38,16,6,1,0,2,2,0,0,4,1,0,1,0,0,0,0,0,0
Poulsen,Leipzig,Forward,147,4,0,1,18.8,0,0,2,5,1,2,2,0,0,0,0,0,0,0,46.8,43,27,0,1,0,0,4,1,0,1,3,3,0,3,4,0,0,0,0,0
D0Ambrosio,Inter,Defender,147,3,0,0,19.2,0,0,0,2,0,2,0,0,0,0,0,0,0,0,90.7,64,56,0,3,0,2,4,1,0,1,7,3,1,2,0,0,0,0,0,0
Schuurs,Ajax,Defender,146,3,0,1,14.4,0,0,0,2,0,2,0,0,0,0,0,0,0,0,90.3,111,99,0,0,0,6,2,0,0,1,13,5,2,3,2,0,0,0,0,0
Toni Martínez,Porto,Forward,144,6,0,0,19.6,0,0,0,1,0,0,1,0,0,0,0,0,0,0,89.0,20,16,0,2,0,0,2,3,0,0,1,1,0,1,0,0,0,0,0,0
Matheus Cunha,Atlético,Forward,142,5,0,0,18.3,0,0,0,4,0,2,2,0,0,0,0,0,0,0,93.6,19,17,0,0,0,0,6,3,0,0,2,2,0,2,1,0,0,0,0,0
T. Hazard,Dortmund,Midfielder,142,3,0,0,19,0,0,0,3,0,2,1,0,0,0,0,0,0,0,80.7,66,54,33,6,2,1,0,0,0,0,4,2,0,2,1,0,0,0,0,0
Tagliafico,Ajax,Defender,139,3,0,1,16.6,0,0,1,1,0,1,0,0,0,0,0,0,0,0,76.3,69,57,16,6,1,1,1,5,0,0,10,4,3,1,1,0,0,0,0,0
Draxler,Paris,Forward,136,3,0,0,15.1,0,0,0,2,0,1,1,0,0,0,0,0,0,0,77.0,76,68,0,1,0,0,0,0,0,0,5,2,1,1,1,0,0,0,0,0
Rıdvan Yılmaz,Beşiktaş,Defender,135,2,0,0,15.3,0,0,0,0,0,0,0,0,0,0,0,0,0,0,78.5,57,44,0,2,0,1,1,2,0,0,10,0,0,0,3,0,0,0,0,0
Sabitzer,Bayern,Midfielder,133,5,0,0,19.6,0,0,0,5,0,4,1,0,0,0,0,0,0,0,85.8,83,72,0,5,0,2,3,0,0,1,7,1,0,1,0,0,0,0,0,0
Daniel Bragança,Sporting CP,Midfielder,131,5,0,0,18.9,0,0,0,3,1,1,1,0,0,0,0,0,0,0,93.6,66,61,0,0,0,2,3,6,0,1,7,2,2,0,0,0,0,0,0,0
Diogo Gonçalves,Benfica,Midfielder,131,5,0,0,18,0,0,0,2,1,1,0,0,0,0,0,0,0,0,69.4,42,35,20,5,1,1,0,0,0,0,6,2,1,1,4,0,0,0,0,0
Wendell,Porto,Defender,131,4,0,0,16,0,0,0,1,0,1,0,0,0,0,0,0,0,0,84.8,52,42,0,0,0,3,7,1,1,1,4,6,2,4,2,0,0,0,0,0
Mechele,Club Brugge,Defender,131,3,0,0,16.5,0,0,0,0,0,0,0,0,0,0,0,0,0,0,88.7,38,32,0,0,0,1,0,0,0,0,5,1,0,1,5,0,0,0,0,0
Muriel,Atalanta,Forward,130,5,1,0,16.9,0,0,0,8,4,2,2,1,0,0,0,0,1,0,65.0,59,48,0,5,0,2,2,3,0,1,0,0,0,0,0,0,0,0,0,0
Aurier,Villarreal,Defender,129,5,0,1,15.9,1,0,0,1,0,1,0,0,0,0,0,0,0,0,91.8,66,58,0,2,0,0,1,1,0,0,9,3,1,2,5,0,0,0,0,0
Reinier,Dortmund,Forward,126,3,0,0,16.7,0,0,0,2,0,2,0,0,0,0,0,0,0,0,90.0,71,64,0,1,0,0,4,0,0,0,6,2,0,2,0,0,0,0,0,0
Marcano,Porto,Defender,126,2,0,0,14.8,0,0,0,0,0,0,0,0,0,0,0,0,0,0,60.5,53,36,0,1,0,1,0,0,0,0,6,0,0,0,14,0,0,0,0,0
Sarr,Bayern,Defender,125,5,0,0,17.3,0,0,0,2,0,1,1,0,0,0,0,0,0,0,90.2,72,62,25,4,1,0,3,3,0,1,3,1,1,0,1,0,0,0,0,0
Rekik,Sevilla,Defender,125,4,0,0,15.1,0,0,0,0,0,0,0,0,0,0,0,0,0,0,92.3,93,86,0,2,0,5,3,3,0,1,5,1,0,1,0,0,0,0,0,0
Vecino,Inter,Midfielder,124,4,0,0,18.9,0,0,0,0,0,0,0,0,0,0,0,0,0,0,62.5,40,29,0,1,0,0,0,0,0,0,3,0,0,0,2,0,0,0,0,0
Lewicki,Malmö,Midfielder,123,2,0,0,14.6,0,0,0,0,0,0,0,0,0,0,0,0,0,0,87.5,62,54,0,1,0,0,0,0,0,0,6,1,1,0,2,0,0,0,0,0
Dembélé,Barcelona,Forward,122,3,0,0,14.8,0,0,0,4,1,2,1,0,0,0,0,0,0,0,73.0,57,41,20,10,2,0,1,2,0,0,2,1,0,1,0,0,0,0,0,0
Lamela,Sevilla,Midfielder,119,4,0,0,17.6,0,0,0,3,2,1,0,0,0,0,0,0,0,0,85.0,54,46,20,5,1,2,4,6,0,1,7,6,2,4,1,0,0,0,0,0
Waldschmidt,Wolfsburg,Forward,119,3,0,0,15.6,0,0,0,2,0,2,0,0,0,0,0,0,0,0,74.3,30,25,0,0,0,0,2,0,0,1,1,1,0,1,1,0,0,0,0,0
Rebić,Milan,Forward,117,2,1,0,13,0,0,0,2,2,0,0,1,0,0,0,1,0,0,62.0,21,13,0,2,0,0,2,0,0,1,1,2,0,2,4,0,0,0,0,0
Lingard,Man. United,Midfielder,116,4,0,1,14,0,0,2,2,2,0,0,0,0,0,0,0,0,0,82.5,49,42,0,0,0,0,0,0,0,0,1,0,0,0,2,0,0,0,0,0
Abubakari,Malmö,Forward,116,4,0,0,15.3,0,0,0,2,0,2,0,0,0,0,0,0,0,0,82.8,33,26,0,1,0,0,6,4,0,0,2,2,2,0,2,0,0,0,0,0
Brobbey,Leipzig,Forward,115,5,0,0,14.3,0,0,0,0,0,0,0,0,0,0,0,0,0,0,42.6,23,13,0,2,0,0,3,3,0,0,2,1,1,0,1,0,0,0,0,0
Messias Junior,Milan,Forward,115,2,1,0,15.6,0,0,0,1,1,0,0,0,0,1,0,1,0,0,84.0,35,26,25,4,1,2,2,4,0,0,3,1,1,0,0,0,0,0,0,0
Lázaro,Benfica,Midfielder,114,6,0,0,15.6,0,0,0,0,0,0,0,0,0,0,0,0,0,0,54.0,47,38,0,0,0,2,2,1,0,0,4,2,1,1,4,0,0,0,0,0
Maceiras,Young Boys,Defender,113,3,0,0,16,0,0,0,1,0,1,0,0,0,0,0,0,0,0,73.7,57,47,0,7,0,1,1,2,0,0,4,2,2,0,1,0,0,0,0,0
Salih Uçan,Beşiktaş,Midfielder,109,5,0,0,15.4,0,0,0,0,0,0,0,0,0,0,0,0,0,0,75.4,57,50,0,3,0,0,2,0,0,0,11,4,2,2,0,0,0,0,0,0
Coutinho,Barcelona,Forward,109,4,0,0,14.3,0,0,0,4,1,2,1,0,0,0,0,0,0,0,84.0,66,52,0,3,0,1,1,4,0,0,1,0,0,0,0,0,0,0,0,0
Correa,Inter,Forward,106,5,0,0,14.8,0,0,0,1,1,0,0,0,0,0,0,0,0,0,90.8,27,24,0,1,0,0,1,2,0,0,0,0,0,0,0,0,0,0,0,0
Erokhin,Zenit,Midfielder,104,6,0,0,15.7,0,0,0,4,0,2,2,0,0,0,0,0,0,0,98.0,27,26,0,2,0,0,2,2,0,0,3,3,0,3,1,0,0,0,0,0
Shkurin,Dynamo Kyiv,Forward,104,2,0,0,14,0,0,0,0,0,0,0,0,0,0,0,0,0,0,64.0,22,14,0,0,0,0,0,0,0,0,1,1,0,1,2,0,0,0,0,0
Slimani,Sporting CP,Forward,104,2,0,0,12.4,0,0,0,0,0,0,0,0,0,0,0,0,0,0,71.5,23,17,0,1,0,0,2,0,0,1,0,0,0,0,0,0,0,0,0,0
Demir,Barcelona,Midfielder,101,3,0,0,12.8,0,0,0,2,1,1,0,0,0,0,0,0,0,0,87.7,47,39,0,0,0,0,1,1,0,0,1,0,0,0,0,0,0,0,0,0
Gosens,Atalanta,Midfielder,101,2,1,0,12.1,0,0,0,3,2,1,0,0,1,0,0,1,0,0,70.5,56,43,0,0,0,0,2,0,0,0,5,2,1,1,2,0,0,0,0,0
Traoré,Shakhtar Donetsk,Forward,101,2,0,0,10.5,0,0,0,1,1,0,0,0,0,0,0,0,0,0,36.5,22,16,0,0,0,0,1,1,0,0,0,0,0,0,0,0,0,0,0,0
Tigges,Dortmund,Forward,100,2,0,0,13.4,0,0,0,2,0,1,1,0,0,0,0,0,0,0,57.5,19,9,0,0,0,0,4,1,0,0,0,0,0,0,0,0,0,0,0,0
Sarr,Chelsea,Defender,100,2,0,0,11.9,0,0,0,0,0,0,0,0,0,0,0,0,0,0,90.0,71,68,0,0,0,0,0,0,0,0,9,1,1,0,7,0,0,0,0,0
Ranocchia,Inter,Defender,98,3,0,0,10.9,0,0,0,2,1,1,0,0,0,0,0,0,0,0,83.3,38,31,0,0,0,2,2,1,0,0,5,0,0,0,1,0,0,0,0,0
Nikolov,Sheriff,Midfielder,97,5,1,0,14.6,0,0,0,3,1,1,1,1,0,0,0,1,0,0,72.4,27,24,0,0,0,0,4,3,0,0,5,2,2,0,0,0,0,0,0,0
Zagadou,Dortmund,Defender,97,2,0,0,12.3,0,0,0,0,0,0,0,0,0,0,0,0,0,0,87.0,111,103,100,1,1,0,2,0,0,1,7,0,0,0,3,0,0,0,0,0
Mata,Man. United,Midfielder,96,3,0,0,13.2,0,0,0,2,1,1,0,0,0,0,0,0,0,0,57.0,55,47,0,2,0,4,0,0,0,0,4,1,1,0,0,0,0,0,0,0
Barkley,Chelsea,Midfielder,96,3,0,0,12.7,0,0,0,3,1,1,1,0,0,0,0,0,0,0,89.3,69,61,37,8,3,3,0,0,0,0,3,0,0,0,0,0,0,0,0,0
Andriyevskiy,Dynamo Kyiv,Midfielder,94,2,0,0,12.9,0,0,0,0,0,0,0,0,0,0,0,0,0,0,90.0,48,40,0,0,0,2,0,0,0,0,6,1,0,1,0,0,0,0,0,0
Vitinho,Dynamo Kyiv,Midfielder,93,3,0,0,13.5,0,0,0,1,0,1,0,0,0,0,0,0,0,0,67.7,28,21,0,2,0,0,1,4,0,0,3,0,0,0,0,0,0,0,0,0
Mario Gaspar,Villarreal,Defender,93,2,0,0,10.8,0,0,0,0,0,0,0,0,0,0,0,0,0,0,95.0,32,29,0,1,0,1,2,2,0,1,1,0,0,0,2,0,0,0,0,0
Verbič,Dynamo Kyiv,Midfielder,91,3,0,0,13.1,0,0,0,3,0,1,2,0,0,0,0,0,0,0,35.7,26,18,0,0,0,0,3,4,0,1,4,2,1,1,0,0,0,0,0,0
Ballo,Milan,Defender,91,2,0,0,11.6,0,0,0,0,0,0,0,0,0,0,0,0,0,0,81.0,31,27,0,1,0,1,2,2,0,0,7,2,1,1,1,0,0,0,0,0
Philipp,Wolfsburg,Forward,90,2,0,0,11.1,0,0,0,1,0,1,0,0,0,0,0,0,0,0,44.0,9,7,0,0,0,1,0,0,0,0,1,1,1,0,0,0,0,0,0,0
Hateboer,Atalanta,Defender,90,1,0,0,11.8,0,0,0,0,0,0,0,0,0,0,0,0,0,0,88.0,33,29,33,3,1,0,0,0,0,0,1,2,0,2,2,0,0,0,0,0
N0Koudou,Beşiktaş,Midfielder,90,1,0,0,10.9,0,0,0,1,0,0,1,0,0,0,0,0,0,0,83.0,41,34,0,1,0,0,0,0,0,0,2,1,1,0,1,0,0,0,0,0
Egan0Riley,Man. City,Defender,90,1,0,0,10.8,0,0,0,0,0,0,0,0,0,0,0,0,0,0,95.0,61,58,0,1,0,0,1,0,0,0,3,1,0,1,1,0,0,0,0,0
Shabanov,Dynamo Kyiv,Defender,90,1,0,0,10.7,0,0,0,0,0,0,0,0,0,0,0,0,0,0,94.0,35,33,0,0,0,0,0,0,0,0,2,0,0,0,5,0,0,0,0,0
Bondar,Shakhtar Donetsk,Defender,90,1,0,0,10.2,0,0,0,1,0,1,0,0,0,0,0,0,0,0,94.0,105,99,0,0,0,3,1,0,0,0,9,0,0,0,2,0,0,0,0,0
Lustenberger,Young Boys,Defender,90,1,0,0,10.2,0,0,0,1,0,1,0,0,0,0,0,0,0,0,84.0,68,57,0,1,0,1,0,0,0,0,3,2,2,0,4,0,0,0,0,0
Serdar Saatçı,Beşiktaş,Defender,90,1,0,0,9.5,0,0,0,1,0,1,0,0,0,0,0,0,0,0,82.0,22,18,0,0,0,2,0,0,0,0,9,0,0,0,6,0,0,0,0,0
Vitão,Shakhtar Donetsk,Defender,90,1,0,0,9.4,0,0,0,0,0,0,0,0,0,0,0,0,0,0,93.0,73,68,0,0,0,3,1,0,0,1,3,1,0,1,10,0,0,0,0,0
Ulreich,Bayern,Goalkeeper,90,1,0,0,6.2,0,0,0,0,0,0,0,0,0,0,0,0,0,0,97.0,32,31,0,0,0,1,0,0,0,0,0,0,0,0,0,4,1,0,0,2
Martínez,Leipzig,Goalkeeper,90,1,0,0,6,0,0,0,0,0,0,0,0,0,0,0,0,0,0,54.0,28,15,0,0,0,3,0,0,0,0,0,0,0,0,0,3,0,0,1,0
Pervan,Wolfsburg,Goalkeeper,90,1,0,0,5.7,0,0,0,0,0,0,0,0,0,0,0,0,0,0,62.0,40,25,0,0,0,0,0,0,0,0,0,0,0,0,0,5,2,0,0,0
Kepa,Chelsea,Goalkeeper,90,1,0,0,5.6,0,0,0,0,0,0,0,0,0,0,0,0,0,0,75.0,28,21,0,0,0,2,0,0,0,0,0,0,0,0,0,4,3,0,0,0
João Virginia,Sporting CP,Goalkeeper,90,1,0,0,5.4,0,0,0,0,0,0,0,0,0,0,0,0,0,0,78.0,36,28,0,0,0,1,0,0,0,0,0,0,0,0,0,3,4,0,0,0
Günok,Beşiktaş,Goalkeeper,90,1,0,0,4.8,0,0,0,0,0,0,0,0,0,0,0,0,0,0,66.0,38,25,0,0,0,1,0,0,0,0,0,0,0,0,0,4,2,0,0,0
Celeadnic,Sheriff,Goalkeeper,90,1,0,0,4.7,0,0,0,0,0,0,0,0,0,0,0,0,0,0,81.0,31,25,0,0,0,2,0,0,0,0,0,0,0,0,0,6,3,0,0,1
Boyko,Dynamo Kyiv,Goalkeeper,90,1,0,0,4.5,0,0,0,0,0,0,0,0,0,0,0,0,0,0,74.0,31,23,0,0,0,2,0,0,0,0,0,0,0,0,0,4,0,0,1,2
Perin,Juventus,Goalkeeper,90,1,0,0,4.3,0,0,0,0,0,0,0,0,0,0,0,0,0,0,79.0,19,15,0,0,0,0,0,0,0,0,0,0,0,0,0,2,0,0,1,0
Steffen,Man. City,Goalkeeper,90,1,0,0,4,0,0,0,0,0,0,0,0,0,0,0,0,0,0,92.0,25,23,0,0,0,3,0,0,0,0,0,0,0,0,0,3,2,0,0,1
Nanasi,Malmö,Midfielder,89,2,0,0,12.4,0,0,0,1,0,0,1,0,0,0,0,0,0,0,0.0,0,0,0,0,0,0,0,0,0,0,0,0,0,0,0,0,0,0,0,0
Florenzi,Milan,Defender,88,4,0,0,12.6,0,0,0,3,0,3,0,0,0,0,0,0,0,0,0.0,0,0,0,0,0,0,1,1,0,0,4,0,0,0,6,0,0,0,0,0
Olmo,Leipzig,Forward,88,2,0,1,10.9,0,0,5,2,0,1,1,0,0,0,0,0,0,0,0.0,0,0,0,0,0,0,3,4,0,0,1,0,0,0,0,0,0,0,0,0
Fábio Vieira,Porto,Midfielder,85,2,0,1,11,0,0,3,1,1,0,0,0,0,0,0,0,0,0,0.0,0,0,0,0,0,0,1,2,0,0,2,1,0,1,0,0,0,0,0,0
Bondarenko,Shakhtar Donetsk,Midfielder,84,2,0,0,11.8,0,0,0,2,0,2,0,0,0,0,0,0,0,0,0.0,0,0,0,0,0,0,1,2,0,0,2,2,0,2,0,0,0,0,0,0
Piątkowski,Salzburg,Defender,84,2,0,0,9.8,0,0,0,0,0,0,0,0,0,0,0,0,0,0,0.0,0,0,0,0,0,0,1,1,0,0,3,0,0,0,3,0,0,0,0,0
Nalić,Malmö,Midfielder,83,5,0,0,13.6,0,0,0,0,0,0,0,0,0,0,0,0,0,0,0.0,0,0,0,0,0,0,0,0,0,0,5,0,0,0,1,0,0,0,0,0
Korniienko,Shakhtar Donetsk,Defender,83,2,0,0,11.2,0,0,0,1,0,1,0,0,0,0,0,0,0,0,0.0,0,0,0,0,0,0,0,0,0,0,3,1,0,1,1,0,0,0,0,0
En0Nesyri,Sevilla,Forward,83,2,0,0,10.2,0,0,0,3,0,2,1,0,0,0,0,0,0,0,0.0,0,0,0,0,0,0,5,3,1,3,0,0,0,0,0,0,0,0,0,0
Supryaha,Dynamo Kyiv,Forward,81,2,0,0,10.9,0,0,0,0,0,0,0,0,0,0,0,0,0,0,0.0,0,0,0,0,0,0,2,2,0,0,1,3,1,2,0,0,0,0,0,0
De Winter,Juventus,Defender,81,2,0,0,10.8,0,0,0,0,0,0,0,0,0,0,0,0,0,0,0.0,0,0,0,0,0,0,1,1,0,0,5,1,1,0,0,0,0,0,0,0
Kulusevski,Juventus,Midfielder,80,5,1,0,14.3,0,0,0,1,1,0,0,0,0,1,0,1,0,0,0.0,0,0,0,0,0,0,6,0,0,1,2,1,1,0,1,0,0,0,0,0
Augustinsson,Sevilla,Defender,80,3,0,0,11.1,0,0,0,0,0,0,0,0,0,0,0,0,0,0,0.0,0,0,0,0,0,0,2,3,0,1,5,2,0,2,0,0,0,0,0,0
Radeljić,Sheriff,Defender,79,3,0,0,10.2,0,0,0,0,0,0,0,0,0,0,0,0,0,0,0.0,0,0,0,0,0,0,0,0,0,0,3,1,1,0,4,0,0,0,0,0
Jovane Cabral,Sporting CP,Forward,79,3,0,0,9.8,0,0,0,0,0,0,0,0,0,0,0,0,0,0,0.0,0,0,0,0,0,0,2,0,0,0,2,0,0,0,0,0,0,0,0,0
Marc Roca,Bayern,Defender,78,4,0,0,11.6,0,0,0,0,0,0,0,0,0,0,0,0,0,0,0.0,0,0,0,0,0,0,4,0,0,0,6,1,0,1,1,0,0,0,0,0
Kanga,Young Boys,Forward,75,5,0,0,10.1,0,0,0,2,0,1,1,0,0,0,0,0,0,0,0.0,0,0,0,0,0,0,1,1,0,0,0,0,0,0,0,0,0,0,0,0
Cavani,Man. United,Forward,75,4,0,0,11.7,0,0,0,1,0,1,0,0,0,0,0,0,0,0,0.0,0,0,0,0,0,0,2,1,0,1,0,0,0,0,0,0,0,0,0,0
Gökhan Töre,Beşiktaş,Midfielder,75,4,0,0,11.2,0,0,0,0,0,0,0,0,0,0,0,0,0,0,0.0,0,0,0,0,0,0,0,0,0,0,3,0,0,0,1,0,0,0,0,0
Emre Can,Dortmund,Defender,74,2,0,0,8.4,0,0,0,0,0,0,0,0,0,0,0,0,0,0,0.0,0,0,0,0,0,0,1,1,1,0,2,0,0,0,0,0,0,0,0,0
Alcácer,Villarreal,Forward,73,3,1,0,10,0,0,0,4,2,1,1,1,0,0,0,1,0,0,0.0,0,0,0,0,0,0,1,0,0,0,2,0,0,0,0,0,0,0,0,0
Esteves,Sporting CP,Defender,73,1,0,0,8.4,0,0,0,1,0,0,1,0,0,0,0,0,0,0,0.0,0,0,0,0,0,0,1,2,0,0,2,1,0,1,1,0,0,0,0,0
Rensch,Ajax,Defender,71,5,0,0,13.8,0,0,0,0,0,0,0,0,0,0,0,0,0,0,0.0,0,0,0,0,0,0,2,0,0,0,8,5,2,3,1,0,0,0,0,0
Ferran Torres,Man. City,Forward,71,1,0,0,8.1,0,0,0,3,1,0,2,0,0,0,0,0,0,0,0.0,0,0,0,0,0,0,1,0,0,0,0,0,0,0,0,0,0,0,0,0
Kehrer,Paris,Defender,70,4,0,0,8.3,0,0,0,0,0,0,0,0,0,0,0,0,0,0,0.0,0,0,0,0,0,0,1,0,0,1,5,1,0,1,2,0,0,0,0,0
Krugovoi,Zenit,Defender,68,6,0,0,11.8,0,0,0,1,0,0,1,0,0,0,0,0,0,0,0.0,0,0,0,0,0,0,1,2,0,0,7,0,0,0,0,0,0,0,0,0
Dost,Club Brugge,Forward,68,3,0,0,8.6,0,0,0,2,1,1,0,0,0,0,0,0,0,0,0.0,0,0,0,0,0,0,2,1,0,0,0,0,0,0,0,0,0,0,0,0
Diallo,Man. United,Midfielder,68,1,0,0,8.3,0,0,0,2,1,0,1,0,0,0,0,0,0,0,0.0,0,0,0,0,0,0,1,1,0,0,4,0,0,0,0,0,0,0,0,0
Henderson,Man. United,Goalkeeper,68,1,0,0,4.4,0,0,0,0,0,0,0,0,0,0,0,0,0,0,0.0,0,0,0,0,0,0,0,0,0,0,0,0,0,0,0,3,1,0,0,1
Martial,Man. United,Forward,67,2,0,0,7.1,0,0,0,0,0,0,0,0,0,0,0,0,0,0,0.0,0,0,0,0,0,0,0,0,0,0,0,0,0,0,0,0,0,0,0,0
Gagliardini,Inter,Midfielder,66,5,0,0,11.6,0,0,0,0,0,0,0,0,0,0,0,0,0,0,0.0,0,0,0,0,0,0,1,1,0,1,2,3,2,1,2,0,0,0,0,0
Rúben Vinagre,Sporting CP,Defender,63,2,0,0,7.8,0,0,0,0,0,0,0,0,0,0,0,0,0,0,0.0,0,0,0,0,0,0,0,0,0,0,0,0,0,0,0,0,0,0,0,0
Mambimbi,Young Boys,Forward,60,4,0,0,9.4,0,0,0,1,0,0,1,0,0,0,0,0,0,0,0.0,0,0,0,0,0,0,4,0,0,0,1,2,0,2,1,0,0,0,0,0
Moriba,Leipzig,Midfielder,60,3,0,0,8.7,0,0,0,2,0,0,2,0,0,0,0,0,0,0,0.0,0,0,0,0,0,0,2,2,0,1,1,4,2,2,0,0,0,0,0,0
Passlack,Dortmund,Midfielder,60,2,0,0,7.6,0,0,0,1,0,0,1,0,0,0,0,0,0,0,0.0,0,0,0,0,0,0,0,0,0,0,3,0,0,0,6,0,0,0,0,0
Bakayoko,Milan,Defender,56,3,0,0,8.1,0,0,0,2,0,1,1,0,0,0,0,0,0,0,0.0,0,0,0,0,0,0,1,4,0,1,3,1,0,1,0,0,0,0,0,0
Pezzella,Atalanta,Defender,56,3,0,0,8.1,0,0,0,2,1,1,0,0,0,0,0,0,0,0,0.0,0,0,0,0,0,0,1,2,0,0,2,0,0,0,3,0,0,0,0,0
Sudakov,Shakhtar Donetsk,Midfielder,56,2,0,0,8.3,0,0,0,3,1,0,2,0,0,0,0,0,0,0,0.0,0,0,0,0,0,0,1,1,0,0,2,0,0,0,0,0,0,0,0,0
Sandra,Club Brugge,Midfielder,56,1,0,0,6.9,0,0,0,1,1,0,0,0,0,0,0,0,0,0,0.0,0,0,0,0,0,0,0,0,0,0,0,0,0,0,0,0,0,0,0,0
Mbamba0Muanda,Club Brugge,Defender,55,3,0,0,8.7,0,0,0,0,0,0,0,0,0,0,0,0,0,0,0.0,0,0,0,0,0,0,0,0,0,0,3,1,0,1,0,0,0,0,0,0
Shepeliev,Dynamo Kyiv,Midfielder,54,2,0,0,8.7,0,0,0,0,0,0,0,0,0,0,0,0,0,0,0.0,0,0,0,0,0,0,3,0,0,0,5,2,1,1,0,0,0,0,0,0
Richards,Bayern,Defender,52,4,0,0,8.5,0,0,0,0,0,0,0,0,0,0,0,0,0,0,0.0,0,0,0,0,0,0,3,0,0,1,9,8,2,6,1,0,0,0,0,0
Julien,Sheriff,Defender,52,3,0,0,7.2,0,0,0,1,1,0,0,0,0,0,0,0,0,0,0.0,0,0,0,0,0,0,0,0,0,0,1,0,0,0,0,0,0,0,0,0
Oğuzhan Özyakup,Beşiktaş,Midfielder,52,2,0,0,7.4,0,0,0,0,0,0,0,0,0,0,0,0,0,0,0.0,0,0,0,0,0,0,0,0,0,0,1,1,0,1,0,0,0,0,0,0
Daramy,Ajax,Forward,52,2,0,0,6.4,0,0,0,4,1,3,0,0,0,0,0,0,0,0,0.0,0,0,0,0,0,0,0,0,0,0,1,0,0,0,1,0,0,0,0,0
Henrichs,Leipzig,Defender,51,4,0,0,7.2,0,0,0,2,0,2,0,0,0,0,0,0,0,0,0.0,0,0,0,0,0,0,1,0,0,0,3,1,1,0,3,0,0,0,0,0
Choupo0Moting,Bayern,Midfielder,49,4,1,0,6.7,0,0,0,3,1,1,1,0,0,1,0,1,0,0,0.0,0,0,0,0,0,0,2,1,0,0,0,0,0,0,0,0,0,0,0,0
Yusuf Yazıcı,LOSC,Midfielder,47,4,0,0,8.7,0,0,0,1,0,0,1,0,0,0,0,0,0,0,0.0,0,0,0,0,0,0,2,2,0,1,1,0,0,0,0,0,0,0,0,0
Icardi,Paris,Forward,47,3,0,0,6.5,0,0,0,1,0,1,0,0,0,0,0,0,0,0,0.0,0,0,0,0,0,0,0,0,0,0,0,0,0,0,0,0,0,0,0,0
McAtee,Man. City,Midfielder,45,1,0,0,6.2,0,0,0,0,0,0,0,0,0,0,0,0,0,0,0.0,0,0,0,0,0,0,1,2,0,0,1,1,1,0,0,0,0,0,0,0
Lovato,Atalanta,Defender,45,1,0,0,5.3,0,0,0,0,0,0,0,0,0,0,0,0,0,0,0.0,0,0,0,0,0,0,1,0,0,1,5,0,0,0,3,0,0,0,0,0
Palmer,Man. City,Midfielder,40,3,1,0,7,0,0,0,2,2,0,0,0,1,0,0,1,0,0,0.0,0,0,0,0,0,0,0,0,0,0,2,0,0,0,0,0,0,0,0,0
Paulo Bernardo,Benfica,Midfielder,39,5,0,0,8.3,0,0,0,0,0,0,0,0,0,0,0,0,0,0,0.0,0,0,0,0,0,0,0,0,0,0,1,0,0,0,3,0,0,0,0,0
Kjærgaard,Salzburg,Midfielder,38,4,1,0,7.9,0,0,0,1,1,0,0,0,1,0,0,1,0,0,0.0,0,0,0,0,0,0,2,0,0,1,1,1,0,1,0,0,0,0,0,0
Taylor,Ajax,Midfielder,38,3,0,0,6.6,0,0,0,0,0,0,0,0,0,0,0,0,0,0,0.0,0,0,0,0,0,0,3,0,0,0,1,1,0,1,0,0,0,0,0,0
Francisco Conceição,Porto,Forward,37,2,0,0,5.4,0,0,0,1,0,0,1,0,0,0,0,0,0,0,0.0,0,0,0,0,0,0,1,0,0,1,0,0,0,0,0,0,0,0,0,0
F. Nmecha,Wolfsburg,Midfielder,36,2,0,0,6.6,0,0,0,0,0,0,0,0,0,0,0,0,0,0,0.0,0,0,0,0,0,0,1,1,0,0,1,0,0,0,0,0,0,0,0,0
Pepê,Porto,Forward,34,3,0,0,5.7,0,0,0,0,0,0,0,0,0,0,0,0,0,0,0.0,0,0,0,0,0,0,0,0,0,0,1,0,0,0,0,0,0,0,0,0
Al. Miranchuk,Atalanta,Forward,33,2,0,1,4.8,0,0,2,0,0,0,0,0,0,0,0,0,0,0,0.0,0,0,0,0,0,0,1,1,0,0,2,1,1,0,0,0,0,0,0,0
Edwards,Sporting CP,Forward,32,1,0,0,4,0,0,0,1,1,0,0,0,0,0,0,0,0,0,0.0,0,0,0,0,0,0,0,0,0,0,1,0,0,0,0,0,0,0,0,0
Radonjić,Benfica,Forward,31,1,0,0,3.9,0,0,0,1,0,0,1,0,0,0,0,0,0,0,0.0,0,0,0,0,0,0,1,0,0,0,0,0,0,0,0,0,0,0,0,0
Mengi,Man. United,Defender,29,1,0,0,3.7,0,0,0,0,0,0,0,0,0,0,0,0,0,0,0.0,0,0,0,0,0,0,0,0,0,0,1,1,1,0,4,0,0,0,0,0
Wesley,Club Brugge,Forward,26,2,0,0,3.7,0,0,0,0,0,0,0,0,0,0,0,0,0,0,0.0,0,0,0,0,0,0,0,0,0,0,0,0,0,0,0,0,0,0,0,0
Mandi,Villarreal,Defender,24,2,0,0,3.7,0,0,0,0,0,0,0,0,0,0,0,0,0,0,0.0,0,0,0,0,0,0,0,0,0,0,0,0,0,0,0,0,0,0,0,0
Kudus,Ajax,Midfielder,24,2,0,0,3.5,0,0,0,1,0,1,0,0,0,0,0,0,0,0,0.0,0,0,0,0,0,0,0,0,0,0,1,0,0,0,0,0,0,0,0,0
Novoa,Leipzig,Midfielder,24,1,0,1,3.6,0,0,1,1,1,0,0,0,0,0,0,0,0,0,0.0,0,0,0,0,0,0,0,0,0,0,0,0,0,0,0,0,0,0,0,0
Lihadji,LOSC,Forward,23,3,0,0,4.5,0,0,0,0,0,0,0,0,0,0,0,0,0,0,0.0,0,0,0,0,0,0,0,0,0,0,0,0,0,0,0,0,0,0,0,0
Bernardo,Salzburg,Defender,23,2,0,1,4.2,0,0,0,0,0,0,0,0,0,0,0,0,0,0,0.0,0,0,0,0,0,0,0,0,0,0,2,0,0,0,1,0,0,0,0,0
Tijani,Salzburg,Midfielder,23,1,0,0,3.1,0,0,0,0,0,0,0,0,0,0,0,0,0,0,0.0,0,0,0,0,0,0,0,0,0,0,2,2,1,1,0,0,0,0,0,0
Ben Arfa,LOSC,Midfielder,22,2,0,0,3.6,0,0,0,1,0,0,1,0,0,0,0,0,0,0,0.0,0,0,0,0,0,0,1,1,0,1,0,0,0,0,0,0,0,0,0,0
Óscar Rodríguez,Sevilla,Midfielder,22,1,0,0,3.8,0,0,0,1,0,1,0,0,0,0,0,0,0,0,0.0,0,0,0,0,0,0,0,0,0,0,2,1,0,1,0,0,0,0,0,0
Shoretire,Man. United,Midfielder,22,1,0,0,3.3,0,0,0,0,0,0,0,0,0,0,0,0,0,0,0.0,0,0,0,0,0,0,1,3,0,1,1,0,0,0,0,0,0,0,0,0
Heaton,Man. United,Goalkeeper,22,1,0,0,1.9,0,0,0,0,0,0,0,0,0,0,0,0,0,0,0.0,0,0,0,0,0,0,0,0,0,0,0,0,0,0,0,0,0,0,0,0
Stanišić,Bayern,Defender,21,2,0,1,3.6,0,0,0,0,0,0,0,0,0,0,0,0,0,0,0.0,0,0,0,0,0,0,0,0,0,0,0,0,0,0,0,0,0,0,0,0
Knauff,Dortmund,Midfielder,20,3,0,0,5.1,0,0,0,1,0,1,0,0,0,0,0,0,0,0,0.0,0,0,0,0,0,0,3,1,0,1,1,4,2,2,0,0,0,0,0,0
Maldini,Milan,Forward,20,3,0,0,4.2,0,0,0,0,0,0,0,0,0,0,0,0,0,0,0.0,0,0,0,0,0,0,0,0,0,0,3,2,1,1,0,0,0,0,0,0
Moukoko,Dortmund,Forward,20,1,0,0,3.2,0,0,0,2,0,1,1,0,0,0,0,0,0,0,0.0,0,0,0,0,0,0,2,0,0,1,1,0,0,0,0,0,0,0,0,0
Iván Romero,Sevilla,Forward,20,1,0,0,2.7,0,0,0,0,0,0,0,0,0,0,0,0,0,0,0.0,0,0,0,0,0,0,0,0,0,0,0,0,0,0,0,0,0,0,0,0
Flávio Nazinho,Sporting CP,Defender,19,2,0,0,4,0,0,0,1,0,1,0,0,0,0,0,0,0,0,0.0,0,0,0,0,0,0,0,0,0,0,3,1,1,0,0,0,0,0,0,0
Balde,Barcelona,Defender,19,2,0,0,3.7,0,0,0,1,0,1,0,0,0,0,0,0,0,0,0.0,0,0,0,0,0,0,1,0,0,0,0,0,0,0,0,0,0,0,0,0
Tillman,Bayern,Midfielder,18,2,0,0,3.6,0,0,0,0,0,0,0,0,0,0,0,0,0,0,0.0,0,0,0,0,0,0,0,0,0,0,0,0,0,0,0,0,0,0,0,0
Peña,Villarreal,Defender,18,2,0,0,3.3,0,0,0,0,0,0,0,0,0,0,0,0,0,0,0.0,0,0,0,0,0,0,1,0,0,1,2,2,1,1,1,0,0,0,0,0
Ricard Puig,Barcelona,Midfielder,17,1,0,0,2.4,0,0,0,0,0,0,0,0,0,0,0,0,0,0,0.0,0,0,0,0,0,0,0,0,0,0,1,1,0,1,0,0,0,0,0,0
Berkay Vardar,Beşiktaş,Midfielder,17,1,0,0,1.9,0,0,0,0,0,0,0,0,0,0,0,0,0,0,0.0,0,0,0,0,0,0,0,0,0,0,0,0,0,0,0,0,0,0,0,0
Carson,Man. City,Goalkeeper,17,1,0,0,1.1,0,0,0,0,0,0,0,0,0,0,0,0,0,0,0.0,0,0,0,0,0,0,0,0,0,0,0,0,0,0,0,1,0,0,1,0
Eric Ramirez,Dynamo Kyiv,Forward,16,2,0,0,2.7,0,0,0,0,0,0,0,0,0,0,0,0,0,0,0.0,0,0,0,0,0,0,1,0,0,0,0,0,0,0,0,0,0,0,0,0
Cojocaru,Sheriff,Midfielder,15,2,0,0,3.6,0,0,0,0,0,0,0,0,0,0,0,0,0,0,0.0,0,0,0,0,0,0,1,0,0,1,1,1,0,1,1,0,0,0,0,0
Javi Serrano,Atlético,Midfielder,15,1,0,0,2.4,0,0,0,0,0,0,0,0,0,0,0,0,0,0,0.0,0,0,0,0,0,0,0,0,0,0,0,0,0,0,0,0,0,0,0,0
Agüero,Barcelona,Forward,15,1,0,0,1.9,0,0,0,1,0,0,1,0,0,0,0,0,0,0,0.0,0,0,0,0,0,0,0,0,0,0,0,0,0,0,0,0,0,0,0,0
Ramsey,Juventus,Midfielder,14,2,0,0,3.2,0,0,0,0,0,0,0,0,0,0,0,0,0,0,0.0,0,0,0,0,0,0,1,0,0,1,0,0,0,0,0,0,0,0,0,0
Kravtsov,Zenit,Midfielder,14,2,0,0,3,0,0,0,0,0,0,0,0,0,0,0,0,0,0,0.0,0,0,0,0,0,0,0,0,0,0,1,0,0,0,0,0,0,0,0,0
Bradarić,LOSC,Defender,13,1,0,0,2,0,0,0,0,0,0,0,0,0,0,0,0,0,0,0.0,0,0,0,0,0,0,1,0,0,0,1,1,0,1,1,0,0,0,0,0
Ozdoev,Zenit,Midfielder,11,1,1,0,2.2,0,0,0,1,1,0,0,1,0,0,0,0,1,0,0.0,0,0,0,0,0,0,0,0,0,0,2,0,0,0,0,0,0,0,0,0
Bruno Costa,Porto,Midfielder,11,1,0,0,2,0,0,0,0,0,0,0,0,0,0,0,0,0,0,0.0,0,0,0,0,0,0,0,0,0,0,0,0,0,0,0,0,0,0,0,0
Raba,Villarreal,Midfielder,11,1,0,0,1.7,0,0,0,0,0,0,0,0,0,0,0,0,0,0,0.0,0,0,0,0,0,0,0,0,0,0,0,0,0,0,0,0,0,0,0,0
Iborra,Villarreal,Midfielder,10,1,0,0,1.8,0,0,0,0,0,0,0,0,0,0,0,0,0,0,0.0,0,0,0,0,0,0,1,0,0,0,2,0,0,0,0,0,0,0,0,0
Bonnah,Leipzig,Midfielder,10,1,0,0,1.6,0,0,0,0,0,0,0,0,0,0,0,0,0,0,0.0,0,0,0,0,0,0,0,0,0,0,1,1,1,0,2,0,0,0,0,0
Sensi,Inter,Midfielder,9,2,0,0,2.2,0,0,0,3,1,2,0,0,0,0,0,0,0,0,0.0,0,0,0,0,0,0,0,0,0,0,0,0,0,0,0,0,0,0,0,0
Lednev,Dynamo Kyiv,Midfielder,9,1,0,0,2.1,0,0,0,0,0,0,0,0,0,0,0,0,0,0,0.0,0,0,0,0,0,0,0,0,0,0,0,0,0,0,0,0,0,0,0,0
Zhegrova,LOSC,Midfielder,9,1,0,0,1.9,0,0,0,0,0,0,0,0,0,0,0,0,0,0,0.0,0,0,0,0,0,0,1,0,0,0,1,0,0,0,0,0,0,0,0,0
Seferović,Benfica,Forward,9,1,0,0,1.8,0,0,0,3,1,1,1,0,0,0,0,0,0,0,0.0,0,0,0,0,0,0,0,0,0,0,0,0,0,0,0,0,0,0,0,0
Zakaria,Juventus,Midfielder,9,1,0,0,1.8,0,0,0,0,0,0,0,0,0,0,0,0,0,0,0.0,0,0,0,0,0,0,0,0,0,0,1,0,0,0,0,0,0,0,0,0
Dário Essugo,Sporting CP,Midfielder,9,1,0,0,1.8,0,0,0,0,0,0,0,0,0,0,0,0,0,0,0.0,0,0,0,0,0,0,0,0,0,0,1,0,0,0,0,0,0,0,0,0
Spielmann,Young Boys,Midfielder,8,1,0,0,1.5,0,0,0,0,0,0,0,0,0,0,0,0,0,0,0.0,0,0,0,0,0,0,0,0,0,0,0,0,0,0,0,0,0,0,0,0
Izquierdo,Club Brugge,Forward,8,1,0,0,1.3,0,0,0,1,0,0,1,0,0,0,0,0,0,0,0.0,0,0,0,0,0,0,0,0,0,0,0,0,0,0,0,0,0,0,0,0
Chiellini,Juventus,Defender,7,1,0,0,1.3,0,0,0,0,0,0,0,0,0,0,0,0,0,0,0.0,0,0,0,0,0,0,1,0,0,0,0,0,0,0,0,0,0,0,0,0
Dina Ebimbe,Paris,Midfielder,7,1,0,0,1.2,0,0,0,1,0,0,1,0,0,0,0,0,0,0,0.0,0,0,0,0,0,0,0,0,0,0,0,0,0,0,0,0,0,0,0,0
Sulejmani,Young Boys,Midfielder,7,1,0,0,0,0,0,0,0,0,0,0,0,0,0,0,0,0,0,0.0,0,0,0,0,0,0,0,0,0,0,0,0,0,0,0,0,0,0,0,0
Delap,Man. City,Forward,6,1,0,0,1.2,0,0,0,0,0,0,0,0,0,0,0,0,0,0,0.0,0,0,0,0,0,0,2,0,0,0,1,0,0,0,0,0,0,0,0,0
Mbete,Man. City,Defender,6,1,0,0,1.1,0,0,0,0,0,0,0,0,0,0,0,0,0,0,0.0,0,0,0,0,0,0,0,0,0,0,0,0,0,0,0,0,0,0,0,0
Kolarov,Inter,Defender,5,1,0,0,1.1,0,0,0,0,0,0,0,0,0,0,0,0,0,0,0.0,0,0,0,0,0,0,0,0,0,0,0,0,0,0,0,0,0,0,0,0
Šimić,Salzburg,Forward,4,1,0,0,1.3,0,0,0,1,0,0,1,0,0,0,0,0,0,0,0.0,0,0,0,0,0,0,0,0,0,0,0,0,0,0,0,0,0,0,0,0
Guindo,Salzburg,Defender,4,1,0,0,1.2,0,0,0,0,0,0,0,0,0,0,0,0,0,0,0.0,0,0,0,0,0,0,0,0,0,0,1,1,1,0,0,0,0,0,0,0
Dentinho,Shakhtar Donetsk,Midfielder,4,1,0,0,1,0,0,0,0,0,0,0,0,0,0,0,0,0,0,0.0,0,0,0,0,0,0,1,0,0,1,0,0,0,0,0,0,0,0,0,0
Shevchenko,Shakhtar Donetsk,Goalkeeper,4,1,0,0,0.5,0,0,0,0,0,0,0,0,0,0,0,0,0,0,0.0,0,0,0,0,0,0,0,0,0,0,0,0,0,0,0,1,1,0,0,0
Maier,Young Boys,Midfielder,3,1,0,0,1.3,0,0,0,1,0,1,0,0,0,0,0,0,0,0,0.0,0,0,0,0,0,0,0,0,0,0,1,0,0,0,0,0,0,0,0,0
Luca Pellegrini,Juventus,Defender,3,1,0,0,1,0,0,0,0,0,0,0,0,0,0,0,0,0,0,0.0,0,0,0,0,0,0,0,0,0,0,0,0,0,0,0,0,0,0,0,0
Kuznetsov,Zenit,Forward,3,1,0,0,0.9,0,0,0,1,0,0,1,0,0,0,0,0,0,0,0.0,0,0,0,0,0,0,0,0,0,0,1,0,0,0,0,0,0,0,0,0
Eile,Malmö,Defender,3,1,0,0,0.8,0,0,0,0,0,0,0,0,0,0,0,0,0,0,0.0,0,0,0,0,0,0,0,0,0,0,0,0,0,0,0,0,0,0,0,0
Ginczek,Wolfsburg,Forward,2,1,0,0,1.1,0,0,0,0,0,0,0,0,0,0,0,0,0,0,0.0,0,0,0,0,0,0,0,0,0,0,0,0,0,0,0,0,0,0,0,0
Savage,Man. United,Midfielder,1,1,0,0,1,0,0,0,0,0,0,0,0,0,0,0,0,0,0,0.0,0,0,0,0,0,0,0,0,0,0,0,0,0,0,0,0,0,0,0,0
Iqbal,Man. United,Midfielder,1,1,0,0,1,0,0,0,0,0,0,0,0,0,0,0,0,0,0,0.0,0,0,0,0,0,0,0,0,0,0,0,0,0,0,0,0,0,0,0,0
Da Graca,Juventus,Forward,1,1,0,0,0.8,0,0,0,0,0,0,0,0,0,0,0,0,0,0,0.0,0,0,0,0,0,0,0,0,0,0,0,0,0,0,0,0,0,0,0,0
Miretti,Juventus,Midfielder,1,1,0,0,0.8,0,0,0,0,0,0,0,0,0,0,0,0,0,0,0.0,0,0,0,0,0,0,0,0,0,0,1,0,0,0,0,0,0,0,0,0
Gil Dias,Benfica,Midfielder,1,1,0,0,0.7,0,0,0,0,0,0,0,0,0,0,0,0,0,0,0.0,0,0,0,0,0,0,0,0,0,0,0,0,0,0,0,0,0,0,0,0
Rodrigo Ribeiro,Sporting CP,Forward,1,1,0,0,0.7,0,0,0,0,0,0,0,0,0,0,0,0,0,0,0.0,0,0,0,0,0,0,0,0,0,0,0,0,0,0,0,0,0,0,0,0
Cojocari,Sheriff,Defender,1,1,0,0,0.5,0,0,0,0,0,0,0,0,0,0,0,0,0,0,0.0,0,0,0,0,0,0,0,0,0,0,0,0,0,0,0,0,0,0,0,0
Maouassa,Club Brugge,Defender,1,1,0,0,0.2,0,0,0,0,0,0,0,0,0,0,0,0,0,0,0.0,0,0,0,0,0,0,0,0,0,0,0,0,0,0,0,0,0,0,0,0
Zesiger,Young Boys,Defender,1,1,0,0,0,0,0,0,0,0,0,0,0,0,0,0,0,0,0,0.0,0,0,0,0,0,0,0,0,0,0,1,0,0,0,0,0,0,0,0,0
